City_ID,City,Country,Date,Lat,Lng,Max Temp,Humidity,Cloudiness,Wind Speed
0,Hermanus,ZA,2021-08-01 02:45:34,-34.4187,19.2345,54.81,90,57,8.9
1,Punta Arenas,CL,2021-08-01 02:45:23,-53.15,-70.9167,42.91,70,0,20.71
2,Butaritari,KI,2021-08-01 02:48:54,3.0707,172.7902,82.15,73,13,8.99
3,Vaini,TO,2021-08-01 02:45:42,-21.2,-175.2,77.16,73,20,27.63
4,Seoul,KR,2021-08-01 02:51:54,37.5683,126.9778,90.01,78,90,5.75
5,Kitaibaraki,JP,2021-08-01 02:54:58,36.7833,140.75,91.35,63,7,13.47
6,Hithadhoo,MV,2021-08-01 02:45:30,-0.6,73.0833,81.25,72,75,5.64
7,Ushuaia,AR,2021-08-01 02:48:54,-54.8,-68.3,42.46,65,75,8.05
8,Bagdarin,RU,2021-08-01 02:54:59,54.4333,113.6,59.14,71,94,3.2
9,Zubtsov,RU,2021-08-01 02:54:59,56.1753,34.5894,59.07,78,100,5.26
10,Albany,US,2021-08-01 02:45:05,42.6001,-73.9662,60.73,82,12,2.62
11,Ewa Beach,US,2021-08-01 02:47:05,21.3156,-158.0072,87.75,53,20,13.0
12,Bambous Virieux,MU,2021-08-01 02:48:25,-20.3428,57.7575,70.21,83,40,16.11
13,Atar,MR,2021-08-01 02:53:50,20.5169,-13.0499,88.05,41,99,10.92
14,Sibi,PK,2021-08-01 02:55:00,29.5448,67.8764,99.34,37,10,2.39
15,East London,ZA,2021-08-01 02:44:41,-33.0153,27.9116,66.29,24,76,6.62
16,Cayenne,GF,2021-08-01 02:53:54,4.9333,-52.3333,83.08,80,20,1.14
17,Cape Town,ZA,2021-08-01 02:49:00,-33.9258,18.4232,54.88,90,75,3.44
18,La Rochelle,FR,2021-08-01 02:55:01,46.1667,-1.15,60.87,88,90,8.05
19,Jamestown,US,2021-08-01 02:45:18,42.097,-79.2353,64.04,77,1,0.0
20,Barrow,US,2021-08-01 02:49:17,71.2906,-156.7887,53.62,89,40,19.57
21,Hilo,US,2021-08-01 02:48:35,19.7297,-155.09,82.13,75,20,8.05
22,Isangel,VU,2021-08-01 02:49:39,-19.55,169.2667,75.31,53,9,13.8
23,Constitucion,CL,2021-08-01 02:50:12,-35.3333,-72.4167,51.21,71,0,6.33
24,Lamu,KE,2021-08-01 02:54:16,-2.2717,40.902,75.42,83,76,16.53
25,Rio Grande,BR,2021-08-01 02:55:02,-32.035,-52.0986,51.78,94,2,7.65
26,Saskylakh,RU,2021-08-01 02:48:38,71.9167,114.0833,81.81,24,5,13.24
27,Jucurutu,BR,2021-08-01 02:55:03,-6.0339,-37.0203,74.62,74,46,16.44
28,Busselton,AU,2021-08-01 02:48:25,-33.65,115.3333,49.05,68,96,29.42
29,Rio Gallegos,AR,2021-08-01 02:55:04,-51.6226,-69.2181,44.65,45,0,26.46
30,Cabo San Lucas,MX,2021-08-01 02:44:45,22.8909,-109.9124,86.81,75,75,11.5
31,Labrea,BR,2021-08-01 02:55:05,-7.2586,-64.7981,71.69,52,5,1.81
32,Partapur,IN,2021-08-01 02:55:05,23.6,74.1667,77.4,89,100,16.62
33,Kapaa,US,2021-08-01 02:49:36,22.0752,-159.319,85.98,68,75,5.01
34,Necochea,AR,2021-08-01 02:48:58,-38.5473,-58.7368,42.58,81,3,3.38
35,Guthrie,US,2021-08-01 02:55:06,35.8789,-97.4253,91.63,75,0,8.23
36,Kamenka,RU,2021-08-01 02:55:06,51.3223,42.7678,71.58,74,6,2.26
37,Kodiak,US,2021-08-01 02:48:32,57.79,-152.4072,60.31,77,75,3.44
38,Tasiilaq,GL,2021-08-01 02:48:52,65.6145,-37.6368,50.16,82,37,4.63
39,Namibe,AO,2021-08-01 02:50:14,-15.1961,12.1522,68.49,67,0,8.12
40,Zelenoborskiy,RU,2021-08-01 02:55:07,66.845,32.3622,53.89,88,100,2.24
41,Mataura,NZ,2021-08-01 02:45:33,-46.1927,168.8643,48.47,98,100,0.49
42,Thompson,CA,2021-08-01 02:49:28,55.7435,-97.8558,71.76,49,40,4.61
43,Aykhal,RU,2021-08-01 02:55:08,66.0,111.5,75.65,28,4,7.81
44,Provideniya,RU,2021-08-01 02:50:15,64.3833,-173.3,45.86,79,93,5.93
45,Avarua,CK,2021-08-01 02:48:51,-21.2078,-159.775,75.25,78,100,17.27
46,Yarada,IN,2021-08-01 02:55:09,17.65,83.2667,84.52,74,75,11.5
47,Linhares,BR,2021-08-01 02:55:09,-19.3911,-40.0722,64.8,74,84,5.68
48,Bluff,NZ,2021-08-01 02:48:39,-46.6,168.3333,48.79,91,98,1.39
49,Umm Lajj,SA,2021-08-01 02:48:48,25.0213,37.2685,84.96,51,100,3.24
50,Natal,BR,2021-08-01 02:51:56,-5.795,-35.2094,75.42,88,20,9.22
51,Khatanga,RU,2021-08-01 02:45:43,71.9667,102.5,70.83,54,100,5.79
52,Luderitz,NA,2021-08-01 02:48:34,-26.6481,15.1594,68.02,26,0,13.27
53,Arraial Do Cabo,BR,2021-08-01 02:49:12,-22.9661,-42.0278,66.24,63,100,13.24
54,At-Bashi,KG,2021-08-01 02:55:10,41.1702,75.8106,66.88,28,6,0.94
55,Klaksvik,FO,2021-08-01 02:50:53,62.2266,-6.589,45.52,80,100,11.97
56,Port Angeles,US,2021-08-01 02:55:10,48.1181,-123.4307,71.33,89,1,14.97
57,Saint-Pierre,RE,2021-08-01 02:50:51,-21.3393,55.4781,65.84,66,0,6.91
58,Codrington,AU,2021-08-01 02:50:53,-38.2667,141.9667,53.24,74,39,13.31
59,Aksarka,RU,2021-08-01 02:52:26,66.5606,67.7975,54.7,67,100,7.83
60,Wanxian,CN,2021-08-01 02:55:11,30.8039,108.3897,92.39,67,0,1.72
61,Marshfield,US,2021-08-01 02:55:12,44.6689,-90.1718,64.54,73,64,5.99
62,Rikitea,PF,2021-08-01 02:45:28,-23.1203,-134.9692,70.43,73,10,15.73
63,Acari,PE,2021-08-01 02:54:37,-15.4311,-74.6158,65.35,70,55,3.98
64,Lawton,US,2021-08-01 02:54:03,34.6087,-98.3903,87.82,63,1,6.91
65,Shirokiy,RU,2021-08-01 02:50:29,49.758,129.523,74.01,88,100,18.12
66,Hasaki,JP,2021-08-01 02:48:37,35.7333,140.8333,95.29,76,14,9.51
67,Bredasdorp,ZA,2021-08-01 02:44:40,-34.5322,20.0403,54.28,93,100,4.61
68,Bayir,TR,2021-08-01 02:55:13,37.2687,28.2167,68.52,30,0,3.94
69,Narsaq,GL,2021-08-01 02:46:35,60.9167,-46.05,48.42,73,99,2.93
70,Hamilton,US,2021-08-01 02:49:53,39.1834,-84.5333,68.23,81,90,0.0
71,Shenzhen,CN,2021-08-01 02:53:46,22.5455,114.0683,92.14,99,100,5.19
72,Bosaso,SO,2021-08-01 02:55:14,11.2842,49.1816,86.2,39,60,12.68
73,Marawi,PH,2021-08-01 02:48:59,7.9986,124.2928,84.65,50,41,3.58
74,Ruwi,OM,2021-08-01 02:55:14,23.5996,58.5507,92.98,57,76,4.68
75,Cap Malheureux,MU,2021-08-01 02:52:35,-19.9842,57.6142,70.47,74,2,7.0
76,Port Alfred,ZA,2021-08-01 02:49:11,-33.5906,26.891,63.88,31,55,8.16
77,Halifax,CA,2021-08-01 02:47:58,44.6453,-63.5724,60.85,81,1,1.99
78,Ribeira Grande,PT,2021-08-01 02:50:08,38.5167,-28.7,71.11,85,100,7.09
79,Lewistown,US,2021-08-01 02:55:15,40.5992,-77.5714,67.17,81,1,0.0
80,Torbay,CA,2021-08-01 02:49:37,47.6666,-52.7314,61.68,85,75,21.85
81,Pevek,RU,2021-08-01 02:53:05,69.7008,170.3133,36.68,76,99,21.09
82,Adrar,MR,2021-08-01 02:55:16,20.5022,-10.0711,81.12,62,93,17.69
83,Souillac,MU,2021-08-01 02:48:28,-20.5167,57.5167,70.36,83,40,16.11
84,Nakonde,ZM,2021-08-01 02:55:16,-9.3421,32.745,49.28,95,5,5.53
85,Maniitsoq,GL,2021-08-01 02:55:17,65.4167,-52.9,49.71,75,93,7.54
86,Cuenca,EC,2021-08-01 02:55:17,-2.8833,-78.9833,52.68,93,98,3.53
87,Qaanaaq,GL,2021-08-01 02:48:28,77.484,-69.3632,40.08,92,97,1.72
88,Dikson,RU,2021-08-01 02:48:30,73.5069,80.5464,40.57,100,100,15.35
89,Hobart,AU,2021-08-01 02:48:43,-42.8794,147.3294,52.05,62,40,3.0
90,Syracuse,IT,2021-08-01 02:55:18,37.0881,15.2792,84.88,53,2,5.73
91,Barinas,VE,2021-08-01 02:53:41,8.6226,-70.2075,87.49,100,97,3.44
92,Kaiyuan,CN,2021-08-01 02:55:19,23.6977,103.3037,68.92,94,100,0.94
93,Boralday,KZ,2021-08-01 02:55:19,43.3578,76.8594,73.26,31,20,2.24
94,Freetown,SL,2021-08-01 02:55:19,8.484,-13.2299,74.89,90,100,5.84
95,Fukuma,JP,2021-08-01 02:55:20,33.7667,130.4667,88.29,72,100,2.82
96,New Norfolk,AU,2021-08-01 02:48:40,-42.7826,147.0587,51.71,69,38,5.01
97,Saint George,US,2021-08-01 02:46:53,37.1041,-113.5841,84.79,47,1,8.01
98,Severo-Kurilsk,RU,2021-08-01 02:49:06,50.6789,156.125,56.25,84,93,12.91
99,Naze,JP,2021-08-01 02:49:54,28.3667,129.4833,85.12,86,92,13.6
100,Victoria,HK,2021-08-01 02:45:05,22.2855,114.1577,92.25,84,100,4.0
101,Husavik,IS,2021-08-01 02:48:26,66.0449,-17.3389,51.71,67,100,3.24
102,Portland,US,2021-08-01 02:46:51,45.5234,-122.6762,84.52,58,90,1.01
103,Saint-Philippe,RE,2021-08-01 02:49:27,-21.3585,55.7679,65.75,81,36,11.5
104,Rudbar,AF,2021-08-01 02:55:21,30.15,62.6,84.24,16,2,17.38
105,Dolores,AR,2021-08-01 02:54:38,-36.3132,-57.6792,41.99,78,0,5.84
106,Shakhunya,RU,2021-08-01 02:55:22,57.6758,46.6114,61.54,73,0,7.23
107,Sitka,US,2021-08-01 02:50:22,57.0531,-135.33,60.69,82,90,8.05
108,Bonthe,SL,2021-08-01 02:51:34,7.5264,-12.505,74.48,91,100,4.76
109,Salinopolis,BR,2021-08-01 02:53:33,-0.6136,-47.3561,75.27,89,34,3.42
110,Kapit,MY,2021-08-01 02:55:22,2.0167,112.9333,88.86,60,61,2.1
111,Puerto Ayora,EC,2021-08-01 02:48:46,-0.7393,-90.3518,71.55,91,5,4.0
112,Baruun-Urt,MN,2021-08-01 02:54:24,46.6806,113.2792,70.56,35,0,9.86
113,Tsabong,BW,2021-08-01 02:55:23,-26.0217,22.401,49.24,51,0,8.08
114,Asfi,MA,2021-08-01 02:55:23,32.2994,-9.2372,65.68,79,0,18.72
115,Kapuskasing,CA,2021-08-01 02:55:24,49.4169,-82.4331,55.49,94,75,1.14
116,Kojnare,BG,2021-08-01 02:55:24,43.35,24.1333,77.11,61,0,4.25
117,Norman Wells,CA,2021-08-01 02:48:25,65.282,-126.8329,84.24,30,40,5.75
118,Talnakh,RU,2021-08-01 02:49:05,69.4865,88.3972,61.21,58,89,14.92
119,Bethel,US,2021-08-01 02:48:49,41.3712,-73.414,65.62,82,1,3.44
120,Tiksi,RU,2021-08-01 02:48:29,71.6872,128.8694,44.96,77,60,10.51
121,Lebu,CL,2021-08-01 02:46:41,-37.6167,-73.65,46.2,80,4,14.36
122,Hovd,MN,2021-08-01 02:53:10,48.0056,91.6419,54.52,80,100,2.48
123,Barauli,IN,2021-08-01 02:55:26,26.4,84.5833,83.43,79,92,12.77
124,Yuxia,CN,2021-08-01 02:55:26,34.0615,108.6291,93.81,27,0,4.59
125,Igarka,RU,2021-08-01 02:51:37,67.4667,86.5833,50.4,93,100,7.43
126,San Cristobal,VE,2021-08-01 02:50:09,7.7669,-72.225,77.18,97,93,5.35
127,El Limon,VE,2021-08-01 02:50:45,10.3059,-67.6321,71.1,91,5,1.63
128,Port Elizabeth,ZA,2021-08-01 02:45:10,-33.918,25.5701,46.69,76,0,3.44
129,Mar Del Plata,AR,2021-08-01 02:49:05,-38.0023,-57.5575,49.12,28,7,8.99
130,Ilulissat,GL,2021-08-01 02:46:56,69.2167,-51.1,50.02,62,100,4.61
131,Chuy,UY,2021-08-01 02:47:19,-33.6971,-53.4616,47.05,92,38,3.76
132,College,US,2021-08-01 02:48:58,64.8569,-147.8028,80.92,44,40,6.91
133,Buchanan,LR,2021-08-01 02:55:28,5.8808,-10.0467,75.67,87,100,7.23
134,Bambanglipuro,ID,2021-08-01 02:55:28,-7.95,110.2833,80.69,73,82,16.28
135,Georgetown,MY,2021-08-01 02:48:06,5.4112,100.3354,83.95,82,20,1.01
136,Sistranda,NO,2021-08-01 02:55:28,63.7256,8.834,50.9,76,100,13.53
137,Bengkulu,ID,2021-08-01 02:49:16,-3.8004,102.2655,81.55,74,9,2.26
138,Hays,US,2021-08-01 02:55:29,30.0502,-98.0336,87.8,71,8,9.71
139,Matara,LK,2021-08-01 02:51:16,5.9485,80.5353,82.11,74,59,11.83
140,Fatehpur,IN,2021-08-01 02:55:30,25.9333,80.8,79.95,84,91,10.71
141,Leonidovo,RU,2021-08-01 02:55:30,49.2833,142.8667,61.48,60,99,6.11
142,Nikolskoye,RU,2021-08-01 02:48:29,59.7035,30.7861,61.02,94,79,5.06
143,Castro,BR,2021-08-01 02:48:31,-24.7911,-50.0119,44.08,96,100,6.64
144,Olinda,BR,2021-08-01 02:50:03,-8.0089,-34.8553,76.73,73,40,16.11
145,Cidreira,BR,2021-08-01 02:46:53,-30.1811,-50.2056,56.08,87,100,12.62
146,Mackay,AU,2021-08-01 02:55:31,-21.15,149.2,83.68,69,75,11.5
147,Viedma,AR,2021-08-01 02:54:29,-40.8135,-62.9967,41.02,71,0,7.67
148,Barentu,ER,2021-08-01 02:55:31,15.1139,37.5928,67.23,91,100,6.38
149,Voh,NC,2021-08-01 02:55:32,-20.9667,164.7,72.72,51,19,13.6
150,Leh,IN,2021-08-01 02:45:51,34.1667,77.5833,62.55,58,81,4.38
151,Yellowknife,CA,2021-08-01 02:45:15,62.456,-114.3525,81.12,39,20,1.01
152,Coos Bay,US,2021-08-01 02:52:15,43.3665,-124.2179,65.98,94,90,11.5
153,Alofi,NU,2021-08-01 02:50:27,-19.0595,-169.9187,75.09,88,99,13.8
154,Longyearbyen,SJ,2021-08-01 02:46:46,78.2186,15.6401,44.44,70,40,6.91
155,Bac Lieu,VN,2021-08-01 02:55:33,9.285,105.7244,86.56,67,62,14.94
156,Tura,IN,2021-08-01 02:48:46,25.5198,90.2201,73.71,99,100,2.86
157,Tevriz,RU,2021-08-01 02:55:33,57.509,72.4042,64.24,74,3,5.1
158,Manzanillo,CU,2021-08-01 02:53:08,20.3433,-77.1167,76.82,88,76,6.89
159,Komsomolskiy,UZ,2021-08-01 02:50:37,40.4272,71.7189,81.32,39,12,6.91
160,Tuktoyaktuk,CA,2021-08-01 02:49:24,69.4541,-133.0374,66.2,77,75,8.05
161,Paharpur,PK,2021-08-01 02:55:34,32.1038,70.9724,93.51,50,1,5.08
162,Airai,TL,2021-08-01 02:50:18,-8.9266,125.4092,76.73,34,59,4.68
163,Alekseyevka,RU,2021-08-01 02:55:34,50.6309,38.6903,69.82,60,0,1.25
164,Nalut,LY,2021-08-01 02:55:35,30.3333,10.85,84.02,15,0,7.52
165,Mildura,AU,2021-08-01 02:55:35,-34.2,142.15,58.06,67,75,8.05
166,Bay Roberts,CA,2021-08-01 02:55:35,47.5999,-53.2648,62.44,86,57,10.0
167,Saint Stephen,GB,2021-08-01 02:55:36,50.3333,-4.9,61.39,100,75,5.75
168,Kanchanaburi,TH,2021-08-01 02:55:36,14.6333,99.1,79.99,76,100,8.46
169,Yaremche,UA,2021-08-01 02:55:36,48.4583,24.5519,59.02,91,0,4.65
170,Atuona,PF,2021-08-01 02:49:01,-9.8,-139.0333,77.16,67,92,14.03
171,Muzhi,RU,2021-08-01 02:55:37,65.3667,64.6667,50.97,92,100,6.89
172,Emporia,US,2021-08-01 02:55:37,38.4039,-96.1817,74.52,88,62,5.61
173,Onega,RU,2021-08-01 02:55:38,63.9061,38.1404,52.83,96,91,3.78
174,Whitehorse,CA,2021-08-01 02:52:53,60.7161,-135.0538,83.17,23,75,5.99
175,Kieta,PG,2021-08-01 02:52:34,-6.2167,155.6333,83.16,78,59,8.57
176,Itarema,BR,2021-08-01 02:46:47,-2.9248,-39.9167,78.24,79,100,13.69
177,Valdivia,CL,2021-08-01 02:50:58,-39.8142,-73.2459,37.38,93,35,2.77
178,Fortuna,US,2021-08-01 02:48:53,40.5982,-124.1573,59.94,90,90,1.01
179,Srednekolymsk,RU,2021-08-01 02:48:49,67.45,153.6833,39.18,87,100,16.98
180,Carballo,ES,2021-08-01 02:55:39,43.213,-8.691,60.87,91,96,3.85
181,Nouadhibou,MR,2021-08-01 02:53:09,20.931,-17.0347,69.78,88,7,12.66
182,Vilyuysk,RU,2021-08-01 02:55:39,63.7553,121.6247,82.78,29,13,4.14
183,Chokurdakh,RU,2021-08-01 02:49:43,70.6333,147.9167,48.0,58,100,15.82
184,Ketchikan,US,2021-08-01 02:50:16,55.3422,-131.6461,67.86,76,96,4.23
185,Oranjemund,NA,2021-08-01 02:53:41,-28.55,16.4333,65.84,26,2,5.73
186,Mahebourg,MU,2021-08-01 02:48:29,-20.4081,57.7,70.25,83,40,16.11
187,Xushan,CN,2021-08-01 02:55:40,30.1764,121.2457,85.93,91,100,5.46
188,Innisfail,AU,2021-08-01 02:55:41,-17.5333,146.0333,89.87,61,36,6.11
189,West Plains,US,2021-08-01 02:55:41,36.7281,-91.8524,81.52,83,40,3.0
190,Murgab,TM,2021-08-01 02:55:41,37.4966,61.9714,73.27,33,0,6.91
191,Plymouth,US,2021-08-01 02:50:48,41.8334,-70.8328,66.69,83,1,0.0
192,Puerto Madero,MX,2021-08-01 02:55:42,14.7208,-92.4215,83.43,76,45,2.1
193,Dzilam Gonzalez,MX,2021-08-01 02:55:42,21.2833,-88.9333,76.98,91,67,4.79
194,Road Town,VG,2021-08-01 02:50:49,18.4167,-64.6167,83.19,77,7,19.22
195,Sambava,MG,2021-08-01 02:54:17,-14.2667,50.1667,66.56,76,66,11.1
196,Roald,NO,2021-08-01 02:52:22,62.5833,6.1333,56.16,76,75,12.66
197,Los Algarrobos,PA,2021-08-01 02:55:43,8.5,-82.4333,83.46,89,98,1.59
198,Carnarvon,AU,2021-08-01 02:48:45,-24.8667,113.6333,62.67,54,90,5.75
199,Padang,ID,2021-08-01 02:50:09,-0.9492,100.3543,82.45,75,80,4.34
200,Fuengirola,ES,2021-08-01 02:55:43,36.54,-4.6247,77.85,38,0,10.36
201,Iqaluit,CA,2021-08-01 02:52:25,63.7506,-68.5145,60.53,44,90,13.8
202,Geraldton,AU,2021-08-01 02:49:13,-28.7667,114.6,64.81,63,40,19.57
203,Muros,ES,2021-08-01 02:53:37,42.7762,-9.0603,59.09,91,73,2.84
204,Manono,CD,2021-08-01 02:55:44,-7.3,27.4167,72.0,41,3,10.45
205,Esperance,AU,2021-08-01 02:45:50,-33.8667,121.9,51.64,83,96,21.85
206,Katsuura,JP,2021-08-01 02:49:41,35.1333,140.3,89.71,69,4,10.18
207,Rawah,IQ,2021-08-01 02:55:45,34.4816,41.9093,88.18,22,0,7.96
208,Basco,PH,2021-08-01 02:55:45,20.4487,121.9702,82.22,87,100,25.77
209,Coquimbo,CL,2021-08-01 02:51:29,-29.9533,-71.3436,49.73,87,7,4.61
210,Yar-Sale,RU,2021-08-01 02:55:46,66.8333,70.8333,54.61,68,94,9.78
211,Bijie,CN,2021-08-01 02:55:46,27.3125,105.2942,77.86,49,11,3.06
212,Acapulco,MX,2021-08-01 02:44:48,16.8634,-99.8901,81.0,82,24,4.63
213,Banyuwangi,ID,2021-08-01 02:55:46,-8.2325,114.3576,84.31,60,38,6.6
214,Oriximina,BR,2021-08-01 02:54:26,-1.7656,-55.8661,72.39,95,85,3.06
215,Touros,BR,2021-08-01 02:50:00,-5.1989,-35.4608,74.3,87,54,14.29
216,Kaitangata,NZ,2021-08-01 02:49:06,-46.2817,169.8464,48.96,98,100,1.54
217,Naugachhia,IN,2021-08-01 02:55:47,25.4,87.1,83.19,83,90,8.7
218,Samarai,PG,2021-08-01 02:50:17,-10.6167,150.6667,77.97,65,100,12.95
219,Yerbogachen,RU,2021-08-01 02:52:14,61.2767,108.0108,74.64,32,3,11.12
220,Ponta Do Sol,PT,2021-08-01 02:48:42,32.6667,-17.1,70.43,71,12,9.01
221,Polunochnoye,RU,2021-08-01 02:55:48,60.8697,60.4153,62.71,93,85,4.61
222,Kaman,IN,2021-08-01 02:55:48,27.65,77.2667,87.12,67,85,8.88
223,Vestmannaeyjar,IS,2021-08-01 02:54:00,63.4427,-20.2734,53.74,93,100,1.66
224,Green River,US,2021-08-01 02:55:49,41.5286,-109.4662,72.99,54,100,3.0
225,Muscat,OM,2021-08-01 02:55:49,23.6139,58.5922,92.17,62,77,5.39
226,Fort Nelson,CA,2021-08-01 02:55:49,58.8053,-122.7002,89.19,25,20,4.61
227,Port Lincoln,AU,2021-08-01 02:49:54,-34.7333,135.8667,57.56,63,13,15.1
228,Ilinskiy,RU,2021-08-01 02:55:50,55.619,38.1182,62.53,88,0,2.24
229,Los Llanos De Aridane,ES,2021-08-01 02:51:13,28.6585,-17.9182,67.75,89,20,18.41
230,Dalby,AU,2021-08-01 02:55:50,-27.1833,151.2667,77.7,54,0,4.0
231,Visakhapatnam,IN,2021-08-01 02:52:18,17.69,83.2093,84.09,74,75,11.5
232,Zaporizhzhya,UA,2021-08-01 02:55:51,47.8167,35.1833,67.3,82,0,4.47
233,High Level,CA,2021-08-01 02:52:07,58.5169,-117.136,86.11,32,1,4.61
234,Nizhniy Chir,RU,2021-08-01 02:55:51,48.3597,43.0865,76.37,41,14,5.84
235,Elat,IL,2021-08-01 02:53:13,29.5581,34.9482,89.44,29,0,0.0
236,Kharitonovo,RU,2021-08-01 02:55:52,61.4009,47.4978,55.51,96,79,7.99
237,Zhanaozen,KZ,2021-08-01 02:55:52,43.3,52.8,83.55,20,23,7.54
238,Sarh,TD,2021-08-01 02:55:53,9.1429,18.3923,73.31,94,20,0.0
239,Koutsouras,GR,2021-08-01 02:55:53,35.0339,25.9469,85.69,39,0,12.68
240,Maridi,SS,2021-08-01 02:55:53,4.9158,29.4742,64.89,97,86,2.28
241,Puerto Del Rosario,ES,2021-08-01 02:55:54,28.5004,-13.8627,69.48,86,1,18.1
242,Hay River,CA,2021-08-01 02:52:46,60.8156,-115.7999,84.18,39,20,3.44
243,Ayna,PE,2021-08-01 02:55:54,-12.65,-73.9167,56.16,81,38,2.19
244,Nambucca Heads,AU,2021-08-01 02:55:55,-30.65,153.0,84.0,46,0,3.71
245,Gejiu,CN,2021-08-01 02:55:55,23.306,103.1635,58.53,97,100,2.15
246,Lavrentiya,RU,2021-08-01 02:48:57,65.5833,-171.0,41.67,89,100,4.97
247,Gumrak,RU,2021-08-01 02:55:56,48.7826,44.3824,69.71,52,0,6.71
248,Locri,IT,2021-08-01 02:55:56,38.2414,16.2623,85.91,36,0,12.88
249,Fairbanks,US,2021-08-01 02:50:01,64.8378,-147.7164,81.1,45,1,6.91
250,Aleppo,SY,2021-08-01 02:52:47,36.25,37.5,75.74,66,0,11.12
251,Deputatskiy,RU,2021-08-01 02:49:27,69.3,139.9,51.26,52,41,8.75
252,Atbasar,KZ,2021-08-01 02:55:57,51.8,68.3333,76.39,53,57,4.21
253,Ballina,AU,2021-08-01 02:55:57,-28.8667,153.5667,83.79,53,0,9.22
254,Boddam,GB,2021-08-01 02:55:58,57.4667,-1.7833,52.18,75,100,16.89
255,Worland,US,2021-08-01 02:55:58,44.0169,-107.9554,81.61,22,80,14.92
256,Athens,GR,2021-08-01 02:52:09,37.9795,23.7162,88.57,37,0,1.99
257,Havelock,US,2021-08-01 02:55:58,34.8791,-76.9013,79.93,93,41,5.57
258,Soto La Marina,MX,2021-08-01 02:55:59,23.7667,-98.2167,79.66,84,12,8.08
259,Zhuhai,CN,2021-08-01 02:51:03,22.2769,113.5678,91.98,79,20,11.5
260,Owensboro,US,2021-08-01 02:55:01,37.7742,-87.1133,73.18,83,90,4.61
261,Cherskiy,RU,2021-08-01 02:48:55,68.75,161.3,48.18,70,100,13.53
262,Ahipara,NZ,2021-08-01 02:50:40,-35.1667,173.1667,58.93,65,71,7.61
263,Bobo Dioulasso,BF,2021-08-01 02:56:00,11.1771,-4.2979,70.25,100,20,2.3
264,Zhigansk,RU,2021-08-01 02:52:50,66.7697,123.3711,77.52,38,12,10.47
265,Vostok,RU,2021-08-01 02:49:18,46.4856,135.8833,86.02,43,78,2.35
266,Nyurba,RU,2021-08-01 02:49:11,63.2842,118.3319,81.09,28,0,4.21
267,Uige,AO,2021-08-01 02:56:00,-7.6087,15.0613,61.57,81,4,2.64
268,Miraflores,MX,2021-08-01 02:56:01,19.2167,-98.8083,62.87,87,93,2.77
269,Ondangwa,NA,2021-08-01 02:56:01,-17.9167,15.95,53.6,43,0,5.75
270,Upernavik,GL,2021-08-01 02:48:55,72.7868,-56.1549,43.02,78,99,3.24
271,Cheremukhovo,RU,2021-08-01 02:56:02,60.3484,59.9851,64.06,93,61,4.16
272,Lorengau,PG,2021-08-01 02:46:19,-2.0226,147.2712,85.82,66,18,8.28
273,Kaabong,UG,2021-08-01 02:56:02,3.4836,34.1492,62.22,83,100,8.14
274,San Patricio,US,2021-08-01 02:52:43,28.017,-97.5169,86.09,71,41,13.78
275,Bandarbeyla,SO,2021-08-01 02:49:52,9.4942,50.8122,76.15,73,73,21.41
276,Jumla,NP,2021-08-01 02:49:51,29.2747,82.1838,67.59,88,97,2.82
277,Ponta Delgada,PT,2021-08-01 02:51:53,37.7333,-25.6667,68.72,83,20,3.44
278,Saint-Joseph,RE,2021-08-01 02:52:12,-21.3667,55.6167,64.76,78,18,12.21
279,Bonavista,CA,2021-08-01 02:53:38,48.6499,-53.1147,62.11,82,8,21.52
280,Amapa,BR,2021-08-01 02:51:25,1.0,-52.0,70.77,99,96,1.77
281,Dehloran,IR,2021-08-01 02:56:04,32.6941,47.2679,94.87,12,0,3.69
282,Bama,NG,2021-08-01 02:56:04,11.5221,13.6856,73.49,86,88,8.08
283,Makokou,GA,2021-08-01 02:56:04,0.5738,12.8642,69.08,95,100,4.88
284,Havoysund,NO,2021-08-01 02:52:51,70.9963,24.6622,45.48,80,100,4.56
285,Puerto Baquerizo Moreno,EC,2021-08-01 02:56:05,-0.9,-89.6,70.48,85,38,11.9
286,Trairi,BR,2021-08-01 02:49:12,-3.2778,-39.2689,77.45,81,90,10.0
287,Bandarban,BD,2021-08-01 02:56:05,22.1965,92.2262,82.18,89,82,5.61
288,Pathein,MM,2021-08-01 02:56:06,16.7833,94.7333,79.18,88,100,9.24
289,Rabo De Peixe,PT,2021-08-01 02:49:57,37.8,-25.5833,67.51,83,20,3.44
290,Noyabrsk,RU,2021-08-01 02:56:06,63.1994,75.4507,60.84,67,18,11.81
291,Khasan,RU,2021-08-01 02:56:07,42.4308,130.6434,79.66,87,24,14.38
292,Carbonear,CA,2021-08-01 02:56:07,47.7332,-53.2148,62.53,87,62,17.69
293,Marsaxlokk,MT,2021-08-01 02:56:07,35.8419,14.5431,84.07,50,0,2.3
294,Mendi,PG,2021-08-01 02:56:08,-6.1761,143.6513,67.8,69,46,3.83
295,Rumford,US,2021-08-01 02:56:08,44.5537,-70.5509,58.68,70,98,3.44
296,Lufkin,US,2021-08-01 02:56:08,31.3382,-94.7291,82.83,86,6,4.99
297,Abha,SA,2021-08-01 02:56:09,18.2164,42.5053,62.42,82,0,0.0
298,Sharan,RU,2021-08-01 02:51:02,54.8167,54.0,68.76,82,42,7.49
299,Kilosa,TZ,2021-08-01 02:56:09,-6.8333,36.9833,62.91,84,51,2.55
300,Rehoboth,NA,2021-08-01 02:56:10,-23.3167,17.0833,42.31,54,0,1.54
301,Faanui,PF,2021-08-01 02:49:46,-16.4833,-151.75,77.09,66,78,15.05
302,Thunder Bay,CA,2021-08-01 02:50:46,48.4001,-89.3168,64.38,65,40,5.75
303,Port Hedland,AU,2021-08-01 02:53:31,-20.3167,118.5667,75.25,29,2,13.8
304,Wajima,JP,2021-08-01 02:56:11,37.4,136.9,86.68,70,40,3.44
305,Magistralnyy,RU,2021-08-01 02:56:11,56.1725,107.4458,75.56,33,1,8.93
306,Northam,GB,2021-08-01 02:50:30,51.0333,-4.2167,59.4,96,98,4.94
307,San Quintin,MX,2021-08-01 02:49:26,30.4833,-115.95,70.07,81,68,12.8
308,Jieshi,CN,2021-08-01 02:56:12,22.8134,115.8257,89.94,75,100,14.58
309,Ornskoldsvik,SE,2021-08-01 02:56:12,63.2909,18.7153,53.42,100,100,5.75
310,Volterra,IT,2021-08-01 02:56:12,43.4003,10.86,74.43,92,98,3.24
311,Clyde River,CA,2021-08-01 02:50:32,70.4692,-68.5914,39.43,93,90,3.44
312,Kamyzyak,RU,2021-08-01 02:56:13,46.11,48.0736,69.78,83,0,0.0
313,Horsham,GB,2021-08-01 02:56:13,51.064,-0.3272,60.64,94,75,4.61
314,Poso,ID,2021-08-01 02:56:13,-1.3959,120.7524,86.72,65,13,3.96
315,Polson,US,2021-08-01 02:50:23,47.6936,-114.1632,93.34,35,80,7.76
316,Kahului,US,2021-08-01 02:46:37,20.8947,-156.47,85.26,64,20,28.77
317,Cordoba,AR,2021-08-01 02:51:56,-31.4135,-64.1811,48.76,38,0,8.05
318,Akyab,MM,2021-08-01 02:54:15,20.15,92.9,81.16,88,100,11.86
319,Conceicao Da Barra,BR,2021-08-01 02:56:14,-18.5933,-39.7322,66.61,74,71,8.46
320,San Pedro,PH,2021-08-01 02:54:15,14.35,121.0167,90.32,65,40,17.27
321,Kruisfontein,ZA,2021-08-01 02:52:57,-34.0033,24.7314,54.28,32,83,7.31
322,Sao Filipe,CV,2021-08-01 02:49:39,14.8961,-24.4956,75.24,87,66,9.57
323,Zarubino,RU,2021-08-01 02:56:15,42.63,131.0922,77.2,90,40,20.8
324,Faya,SA,2021-08-01 02:49:03,18.3851,42.4509,62.71,68,28,5.79
325,Burayevo,RU,2021-08-01 02:56:16,55.8407,55.4083,67.77,85,3,8.81
326,Santa Cruz De La Palma,ES,2021-08-01 02:56:16,28.6835,-17.7642,71.74,78,20,18.41
327,Atambua,ID,2021-08-01 02:54:39,-9.1061,124.8925,85.53,47,23,2.24
328,Los Lunas,US,2021-08-01 02:56:16,34.8062,-106.7334,78.66,53,87,1.99
329,Buturlino,RU,2021-08-01 02:56:17,55.5667,44.8974,63.59,72,58,5.46
330,Kiama,AU,2021-08-01 02:50:21,-34.6833,150.8667,71.38,77,55,1.99
331,Tarakan,ID,2021-08-01 02:49:16,3.3,117.6333,85.5,74,20,5.75
332,Puerto Madryn,AR,2021-08-01 02:56:18,-42.7692,-65.0385,46.71,59,0,22.88
333,Ola,RU,2021-08-01 02:51:13,59.5833,151.2833,61.34,60,80,7.07
334,Port Blair,IN,2021-08-01 02:52:57,11.6667,92.75,83.32,80,100,19.17
335,Nandikotkur,IN,2021-08-01 02:56:18,15.8667,78.2667,80.02,66,91,17.72
336,Uruacu,BR,2021-08-01 02:51:48,-14.5247,-49.1408,71.78,48,36,4.12
337,Qasigiannguit,GL,2021-08-01 02:49:13,68.8193,-51.1922,50.25,81,100,0.38
338,Gat,IL,2021-08-01 02:53:41,31.61,34.7642,82.4,62,0,1.41
339,Scarborough,GB,2021-08-01 02:56:19,54.2797,-0.4044,54.84,93,100,8.52
340,Chernyshevsk,RU,2021-08-01 02:56:20,52.5243,117.0174,65.55,61,15,3.67
341,Port-Gentil,GA,2021-08-01 02:50:51,-0.7193,8.7815,75.58,76,75,9.42
342,Biloela,AU,2021-08-01 02:51:40,-24.4167,150.5,79.34,43,0,10.58
343,Nantucket,US,2021-08-01 02:49:10,41.2835,-70.0995,68.09,72,1,10.36
344,Wanning,CN,2021-08-01 02:50:12,18.8003,110.3967,90.39,62,100,9.51
345,Nanortalik,GL,2021-08-01 02:50:12,60.1432,-45.2371,48.83,79,100,15.28
346,Xuddur,SO,2021-08-01 02:56:21,4.1213,43.8894,69.84,77,99,18.79
347,Tanout,NE,2021-08-01 02:56:21,14.9709,8.8879,83.03,55,84,10.67
348,Grand Junction,US,2021-08-01 02:53:09,39.0639,-108.5507,80.83,52,65,5.99
349,Tilichiki,RU,2021-08-01 02:49:02,60.4667,166.1,58.41,43,72,7.83
350,Williamsburg,US,2021-08-01 02:52:29,37.2707,-76.7075,75.74,84,75,0.0
351,Mount Isa,AU,2021-08-01 02:51:49,-20.7333,139.5,89.37,23,68,9.22
352,Turukhansk,RU,2021-08-01 02:50:04,65.8167,87.9833,54.64,83,100,9.69
353,Omsukchan,RU,2021-08-01 02:51:28,62.5333,155.8,44.73,86,100,10.42
354,Balikpapan,ID,2021-08-01 02:53:01,-1.2675,116.8289,81.59,89,40,5.75
355,Laurel,US,2021-08-01 02:55:53,39.0993,-76.8483,75.69,76,1,1.01
356,Ciudad Bolivar,VE,2021-08-01 02:56:23,8.1222,-63.5497,78.55,81,96,4.27
357,Townsville,AU,2021-08-01 02:55:57,-19.25,146.8,79.68,65,49,10.36
358,Bubaque,GW,2021-08-01 02:49:41,11.2833,-15.8333,78.51,84,100,20.42
359,Powell River,CA,2021-08-01 02:56:23,49.8496,-124.5361,84.04,39,75,2.3
360,Salalah,OM,2021-08-01 02:49:10,17.0151,54.0924,77.09,100,90,4.61
361,Kostomuksha,RU,2021-08-01 02:56:24,64.571,30.5767,53.08,95,73,2.75
362,Piney Green,US,2021-08-01 02:56:24,34.716,-77.3202,79.27,100,59,4.52
363,Lasa,IT,2021-08-01 02:50:24,46.6166,10.7002,62.06,97,100,3.56
364,Coihaique,CL,2021-08-01 02:51:58,-45.5752,-72.0662,35.55,75,0,11.5
365,Aklavik,CA,2021-08-01 02:48:36,68.2191,-135.0107,79.63,35,49,11.54
366,Marathon,US,2021-08-01 02:56:25,44.9,-89.7668,64.35,89,40,5.75
367,Luanda,AO,2021-08-01 02:55:10,-8.8368,13.2343,69.8,94,75,2.3
368,Da Lat,VN,2021-08-01 02:56:26,11.9465,108.4419,70.34,73,90,7.2
369,Dunedin,NZ,2021-08-01 02:48:41,-45.8742,170.5036,52.81,85,100,1.99
370,Wloclawek,PL,2021-08-01 02:56:26,52.6482,19.0678,60.42,69,96,5.86
371,Ayni,TJ,2021-08-01 02:56:27,39.3941,68.5377,73.09,51,71,0.4
372,Calama,CL,2021-08-01 02:54:37,-22.4667,-68.9333,45.09,36,5,13.8
373,Vila Franca Do Campo,PT,2021-08-01 02:49:59,37.7167,-25.4333,68.41,89,99,4.5
374,Mecca,SA,2021-08-01 02:51:28,21.4267,39.8261,84.78,63,3,14.52
375,Doha,QA,2021-08-01 02:56:27,25.2867,51.5333,91.38,79,0,2.3
376,Maidstone,GB,2021-08-01 02:56:28,51.2667,0.5167,61.18,94,26,5.12
377,Rockport,US,2021-08-01 02:53:48,28.0206,-97.0544,86.25,82,75,1.99
378,Caravelas,BR,2021-08-01 02:50:47,-17.7125,-39.2481,67.19,78,68,10.89
379,Kimberley,ZA,2021-08-01 02:45:16,-28.7323,24.7623,40.69,45,14,5.75
380,Kenai,US,2021-08-01 02:48:06,60.5544,-151.2583,67.03,56,1,9.22
381,Meulaboh,ID,2021-08-01 02:56:29,4.1363,96.1285,78.12,83,100,3.0
382,Zhezkazgan,KZ,2021-08-01 02:56:29,47.8043,67.7144,85.01,20,32,6.38
383,Vicuna,CL,2021-08-01 02:55:41,-30.0319,-70.7081,42.53,21,7,5.7
384,Teya,RU,2021-08-01 02:56:30,60.3778,92.6267,71.11,41,92,3.11
385,Jiaohe,CN,2021-08-01 02:56:31,43.7286,127.3447,80.64,79,67,5.77
386,Araouane,ML,2021-08-01 02:54:31,18.9048,-3.5265,92.01,38,37,21.68
387,Benalla,AU,2021-08-01 02:56:31,-36.55,145.9833,55.15,59,75,11.52
388,Ixtapa,MX,2021-08-01 02:49:30,20.7,-105.2,78.1,94,100,0.78
389,Mahanoro,MG,2021-08-01 02:56:32,-19.9,48.8,64.02,87,99,5.21
390,Petatlan,MX,2021-08-01 02:56:32,17.5167,-101.2667,78.55,85,67,2.62
391,Boguchany,RU,2021-08-01 02:56:32,58.3814,97.4531,71.85,51,100,1.48
392,Buraydah,SA,2021-08-01 02:56:33,26.326,43.975,77.45,18,0,6.76
393,Sibolga,ID,2021-08-01 02:51:09,1.7427,98.7792,81.9,71,100,2.71
394,Henties Bay,NA,2021-08-01 02:50:25,-22.116,14.2845,74.86,30,0,15.97
395,Werda,BW,2021-08-01 02:56:33,-25.2667,23.2833,46.44,56,0,5.97
396,Kanye,BW,2021-08-01 02:56:34,-24.9667,25.3327,43.99,46,0,3.91
397,Jizan,SA,2021-08-01 02:51:54,17.3333,42.6667,79.74,67,60,5.86
398,Aitape,PG,2021-08-01 02:56:34,-3.1374,142.3475,85.75,67,26,5.82
399,Valparaiso,CL,2021-08-01 02:56:35,-33.0393,-71.6273,49.48,85,52,3.44
400,Tautira,PF,2021-08-01 02:50:23,-17.7333,-149.15,82.42,64,85,12.46
401,Mahibadhoo,MV,2021-08-01 02:49:42,3.7833,72.9667,82.22,70,51,6.73
402,Argelia,CO,2021-08-01 02:56:36,2.2556,-77.2488,66.76,95,74,1.21
403,Verkhnevilyuysk,RU,2021-08-01 02:49:48,63.4453,120.3167,81.32,31,1,3.78
404,Koundara,GN,2021-08-01 02:56:36,12.4833,-13.3,72.9,98,99,4.88
405,Rafai,CF,2021-08-01 02:56:36,4.95,23.9167,67.64,99,100,2.95
406,Sorland,NO,2021-08-01 02:47:42,67.667,12.6934,49.32,73,100,14.32
407,Nzerekore,GN,2021-08-01 02:56:37,7.7562,-8.8179,68.68,99,100,2.59
408,Broome,US,2021-08-01 02:50:46,42.2506,-75.833,59.81,92,13,2.33
409,Aksu,CN,2021-08-01 02:56:37,41.1231,80.2644,80.56,23,88,3.02
410,Prachuap Khiri Khan,TH,2021-08-01 02:56:38,12.2167,99.75,84.51,62,98,9.37
411,Weligama,LK,2021-08-01 02:56:38,5.9667,80.4167,81.86,75,58,11.97
412,Sao Joao De Pirabas,BR,2021-08-01 02:56:39,-0.7747,-47.1772,73.0,94,37,1.16
413,Nishihara,JP,2021-08-01 02:49:51,26.1842,127.7558,89.26,89,75,12.66
414,Bakchar,RU,2021-08-01 02:56:39,57.0186,82.0711,65.61,70,61,5.06
415,Komsomolets,KZ,2021-08-01 02:56:40,53.7453,62.0708,72.79,68,2,10.4
416,Flinders,AU,2021-08-01 02:49:56,-34.5833,150.8552,74.21,73,48,7.0
417,Huarmey,PE,2021-08-01 02:50:10,-10.0681,-78.1522,64.71,83,22,8.14
418,Okhotsk,RU,2021-08-01 02:51:25,59.3833,143.3,70.57,51,7,9.8
419,Palmer,US,2021-08-01 02:46:22,42.1584,-72.3287,61.95,80,20,0.0
420,Manado,ID,2021-08-01 02:56:41,1.487,124.8455,92.17,52,20,2.3
421,Nieuw Amsterdam,SR,2021-08-01 02:56:41,5.8833,-55.0833,77.02,92,9,6.58
422,Dzhida,RU,2021-08-01 02:56:42,50.6772,106.1806,70.95,58,61,4.83
423,Pitimbu,BR,2021-08-01 02:49:28,-7.4706,-34.8086,73.99,84,8,13.87
424,Pacific Grove,US,2021-08-01 02:46:36,36.6177,-121.9166,75.15,83,20,3.0
425,Rundu,NA,2021-08-01 02:53:35,-17.9333,19.7667,47.93,49,2,6.31
426,Coahuayana,MX,2021-08-01 02:45:20,18.7333,-103.6833,79.21,86,70,1.21
427,Saint-Georges,GD,2021-08-01 02:54:21,12.0564,-61.7485,80.28,89,20,9.22
428,Asau,RO,2021-08-01 02:49:34,46.4333,26.4,65.95,77,0,5.93
429,Te Anau,NZ,2021-08-01 02:51:40,-45.4167,167.7167,49.68,92,99,0.89
430,Ancud,CL,2021-08-01 02:48:31,-41.8697,-73.8203,36.93,84,73,4.25
431,Nizhyn,UA,2021-08-01 02:56:16,51.048,31.8869,66.63,69,30,6.49
432,Vasai,IN,2021-08-01 02:56:45,19.47,72.8,82.49,80,100,16.82
433,Zhangjiakou,CN,2021-08-01 02:56:46,40.81,114.8794,73.29,47,9,15.28
434,Achikulak,RU,2021-08-01 02:56:46,44.5517,44.8378,74.98,53,0,3.18
435,Launceston,AU,2021-08-01 02:56:46,-41.45,147.1667,55.62,59,40,5.01
436,Yinchuan,CN,2021-08-01 02:56:47,38.4681,106.2731,82.36,28,0,9.8
437,Bathsheba,BB,2021-08-01 02:48:43,13.2167,-59.5167,83.01,78,40,16.11
438,Caucaia,BR,2021-08-01 02:56:47,-3.7361,-38.6531,80.55,75,20,11.5
439,Sao Gabriel Da Cachoeira,BR,2021-08-01 02:49:24,-0.1303,-67.0892,74.79,74,100,1.07
440,Oum Hadjer,TD,2021-08-01 02:56:48,13.2954,19.6966,71.37,91,100,17.85
441,Camana,PE,2021-08-01 02:56:48,-16.6228,-72.7111,61.45,85,88,8.93
442,Kavieng,PG,2021-08-01 02:49:25,-2.5744,150.7967,83.62,67,25,3.2
443,Sinnamary,GF,2021-08-01 02:56:49,5.3833,-52.95,79.03,85,83,7.81
444,Victor Harbor,AU,2021-08-01 02:54:01,-35.5667,138.6167,58.71,61,2,12.97
445,Fallon,US,2021-08-01 02:52:11,39.4735,-118.7774,87.67,33,20,8.05
446,Labuhan,ID,2021-08-01 02:53:46,-6.8844,112.2051,85.62,58,11,1.52
447,Muravlenko,RU,2021-08-01 02:51:17,63.7898,74.523,58.91,61,53,9.19
448,Port-Cartier,CA,2021-08-01 02:52:17,50.0334,-66.8654,59.76,82,98,6.87
449,Paamiut,GL,2021-08-01 02:50:04,61.994,-49.6678,44.76,87,72,2.68
450,Suileng,CN,2021-08-01 02:56:50,47.25,127.0833,79.56,88,66,16.24
451,Kemin,KG,2021-08-01 02:56:50,42.7846,75.6892,77.34,25,80,6.33
452,Hetauda,NP,2021-08-01 02:56:51,27.4284,85.0322,85.35,90,75,6.26
453,Lakes Entrance,AU,2021-08-01 02:56:51,-37.8811,147.981,59.18,57,73,12.24
454,Port Augusta,AU,2021-08-01 02:56:52,-32.5,137.7667,59.7,52,3,4.74
455,Pafos,CY,2021-08-01 02:56:52,34.7667,32.4167,77.23,38,0,6.91
456,Nizwa,OM,2021-08-01 02:56:52,22.9333,57.5333,87.13,51,64,1.7
457,Lensk,RU,2021-08-01 02:56:53,60.7253,114.9278,79.09,29,20,8.97
458,Batemans Bay,AU,2021-08-01 02:48:35,-35.7167,150.1833,62.2,86,100,7.72
459,Ridgetown,CA,2021-08-01 02:56:53,42.4334,-81.8998,65.48,84,19,6.8
460,Leningradskiy,RU,2021-08-01 02:49:58,69.3833,178.4167,35.56,86,100,19.17
461,Teahupoo,PF,2021-08-01 02:50:26,-17.8333,-149.2667,76.96,63,86,12.41
462,Tuatapere,NZ,2021-08-01 02:48:37,-46.1333,167.6833,48.81,91,97,1.41
463,Asyut,EG,2021-08-01 02:56:54,27.181,31.1837,80.78,22,11,3.29
464,Ust-Nera,RU,2021-08-01 02:53:43,64.5667,143.2,70.52,33,38,11.88
465,La Baule-Escoublac,FR,2021-08-01 02:56:54,47.2922,-2.364,59.88,87,0,3.44
466,Wilmington,US,2021-08-01 02:56:55,34.2257,-77.9447,82.9,91,75,5.75
467,Mayumba,GA,2021-08-01 02:56:55,-3.432,10.6554,71.62,88,3,2.91
468,Ikalamavony,MG,2021-08-01 02:56:56,-21.15,46.5833,49.44,82,2,6.89
469,Ayacucho,PE,2021-08-01 02:56:56,-13.1583,-74.2239,54.09,72,83,4.5
470,Panama City,PA,2021-08-01 02:49:29,8.9936,-79.5197,82.17,87,20,8.05
471,Opuwo,NA,2021-08-01 02:50:34,-18.0607,13.84,54.9,27,0,9.4
472,Tambovka,RU,2021-08-01 02:56:57,50.0969,128.0489,57.31,89,100,14.67
473,Saint-Max,FR,2021-08-01 02:56:57,48.7043,6.21,59.5,90,0,0.0
474,Chulym,RU,2021-08-01 02:56:57,55.0997,80.9572,71.44,43,51,3.67
475,Plettenberg Bay,ZA,2021-08-01 02:56:58,-34.0527,23.3716,56.66,54,62,5.55
476,Kousseri,CM,2021-08-01 02:56:58,12.0769,15.0306,75.16,88,40,5.75
477,Kununurra,AU,2021-08-01 02:52:54,-15.7667,128.7333,93.18,26,49,9.22
478,Baghdad,IQ,2021-08-01 02:53:12,33.3406,44.4009,89.51,23,0,5.75
479,Elizabeth City,US,2021-08-01 02:56:59,36.2946,-76.2511,77.02,93,12,5.44
480,Egvekinot,RU,2021-08-01 02:48:33,66.3167,-179.1667,40.89,61,93,2.42
481,Vardo,NO,2021-08-01 02:46:25,70.3705,31.1107,48.34,92,100,11.16
482,Russell,US,2021-08-01 02:53:35,32.3502,-85.1999,75.51,88,1,0.0
483,Natitingou,BJ,2021-08-01 02:57:00,10.3042,1.3796,68.99,96,100,3.89
484,Pochutla,MX,2021-08-01 02:52:18,15.7432,-96.4661,83.25,90,45,4.63
485,Coacoyul,MX,2021-08-01 02:57:00,17.8058,-99.11,67.26,83,25,3.78
486,Mamontovo,RU,2021-08-01 02:57:01,52.7055,81.6244,79.32,21,51,8.3
487,Aswan,EG,2021-08-01 02:53:05,24.0934,32.907,87.1,19,0,6.91
488,Belyy Yar,RU,2021-08-01 02:49:58,53.6039,91.3903,69.69,64,0,2.24
489,Kanadey,RU,2021-08-01 02:57:01,53.1679,47.5264,71.55,70,14,3.2
490,Preobrazheniye,RU,2021-08-01 02:49:10,42.9019,133.9064,75.31,83,99,16.35
491,Mezen,RU,2021-08-01 02:57:02,65.8522,44.24,49.53,93,100,6.71
492,Kolda,SN,2021-08-01 02:57:02,12.8833,-14.95,74.37,97,99,5.19
493,Nampa,US,2021-08-01 02:57:03,43.5407,-116.5635,83.59,54,1,13.8
494,Miandrivazo,MG,2021-08-01 02:57:03,-19.5167,45.4667,63.97,63,1,4.88
495,Guerrero Negro,MX,2021-08-01 02:46:14,27.9769,-114.0611,73.15,78,9,15.5
496,Nhulunbuy,AU,2021-08-01 02:57:03,-12.2333,136.7667,83.01,61,5,16.11
497,San-Pedro,CI,2021-08-01 02:53:29,4.7485,-6.6363,73.98,92,96,5.55
498,Lenoir,US,2021-08-01 02:57:04,35.2335,-77.6497,80.51,85,1,0.0
499,Lompoc,US,2021-08-01 02:48:38,34.6391,-120.4579,75.56,77,20,1.01
500,Emerald,AU,2021-08-01 02:49:49,-23.5333,148.1667,80.35,57,0,8.05
501,Lagoa,PT,2021-08-01 02:52:37,39.05,-27.9833,70.2,89,98,12.48
502,Pasan,IN,2021-08-01 02:57:05,22.85,82.2,77.34,82,100,11.12
503,Almeirim,BR,2021-08-01 02:57:05,-1.5233,-52.5817,72.01,97,99,1.36
504,Verkhnyaya Inta,RU,2021-08-01 02:57:05,65.9811,60.3094,52.0,93,100,12.37
505,Maldonado,UY,2021-08-01 02:46:27,-34.6667,-54.9167,45.79,82,10,4.52
506,Sal Rei,CV,2021-08-01 02:57:06,16.1833,-22.9167,75.76,74,99,12.15
507,Dingle,PH,2021-08-01 02:53:43,10.9995,122.6711,88.92,64,69,15.01
508,Digapahandi,IN,2021-08-01 02:57:07,19.3667,84.5833,86.7,61,96,5.99
509,Kishtwar,IN,2021-08-01 02:57:07,33.3167,75.7667,73.63,78,10,1.92
510,Xichang,CN,2021-08-01 02:57:07,27.8964,102.2634,74.86,60,0,2.53
511,Noumea,NC,2021-08-01 02:47:44,-22.2763,166.4572,73.0,99,50,13.53
512,Cloquet,US,2021-08-01 02:57:08,46.7216,-92.4594,71.19,77,1,0.0
513,Saint Anthony,US,2021-08-01 02:57:08,45.0205,-93.218,76.6,48,1,5.99
514,Heihe,CN,2021-08-01 02:57:08,50.2441,127.4902,57.78,98,100,4.29
515,Shilovo,RU,2021-08-01 02:57:09,54.3204,40.874,63.48,68,99,4.12
516,Bandundu,CD,2021-08-01 02:55:08,-3.3167,17.3667,72.77,55,55,3.15
517,Dzerzhinskoye,RU,2021-08-01 02:57:09,56.8344,95.2283,70.18,52,88,3.56
518,Majene,ID,2021-08-01 02:52:37,-3.5403,118.9707,83.68,69,68,10.6
519,Baiyin,CN,2021-08-01 02:57:10,36.5583,104.2081,81.48,22,1,4.59
520,Lodja,CD,2021-08-01 02:51:36,-3.4833,23.4333,66.51,45,81,1.39
521,Heishan,CN,2021-08-01 02:57:10,41.6892,122.1128,77.43,84,94,8.81
522,Kutum,SD,2021-08-01 02:49:20,14.2,24.6667,70.34,79,62,8.86
523,Anadyr,RU,2021-08-01 02:52:46,64.75,177.4833,50.5,61,75,2.24
524,Roebourne,AU,2021-08-01 02:57:09,-20.7833,117.1333,71.01,33,1,7.94
525,Hami,CN,2021-08-01 02:57:11,42.8,93.45,76.98,39,100,1.81
526,Rio Cuarto,AR,2021-08-01 02:57:11,-33.1307,-64.3499,34.83,53,0,5.7
527,Hambantota,LK,2021-08-01 02:48:53,6.1241,81.1185,82.74,89,40,13.8
528,Lexington,US,2021-08-01 02:54:04,37.9887,-84.4777,71.49,80,99,4.54
529,Parauna,BR,2021-08-01 02:53:08,-16.9478,-50.4486,65.3,29,31,5.55
530,Voznesenskaya,RU,2021-08-01 02:57:12,44.5527,41.0318,66.04,69,0,6.31
531,Puerto Colombia,CO,2021-08-01 02:57:12,10.9878,-74.9547,82.49,85,2,25.81
532,Naruto,JP,2021-08-01 02:57:13,34.1833,134.6167,91.78,74,75,8.05
533,Terney,RU,2021-08-01 02:57:13,45.0503,136.6092,72.59,86,100,10.27
534,Shahreza,IR,2021-08-01 02:57:13,32.0339,51.8794,75.94,26,56,0.6
535,Chajul,GT,2021-08-01 02:57:14,15.4853,-91.0342,66.24,98,64,0.85
536,Fort-Shevchenko,KZ,2021-08-01 02:57:14,44.5086,50.263,80.85,56,81,7.2
537,Iracoubo,GF,2021-08-01 02:55:12,5.4802,-53.2011,78.31,86,58,7.27
538,Ipora,BR,2021-08-01 02:57:15,-16.4419,-51.1178,65.14,32,21,5.19
539,Waipawa,NZ,2021-08-01 02:52:15,-41.4122,175.5153,53.92,70,98,4.9
540,Kulhudhuffushi,MV,2021-08-01 02:51:05,6.6221,73.07,81.77,77,42,11.23
541,Punta Gorda,US,2021-08-01 02:52:28,26.9298,-82.0454,86.14,74,1,1.01
542,Kiruna,SE,2021-08-01 02:57:15,67.8557,20.2251,43.72,93,90,8.05
543,Tabou,CI,2021-08-01 02:52:31,4.423,-7.3528,75.9,86,100,10.04
544,Platanos,GR,2021-08-01 02:57:16,37.6667,21.6167,81.7,39,0,4.59
545,Mountain Home,US,2021-08-01 02:57:16,43.133,-115.6912,87.28,35,90,4.61
546,Ibra,OM,2021-08-01 02:57:17,22.6906,58.5334,83.95,56,56,3.09
547,Ocampo,MX,2021-08-01 02:57:17,21.65,-101.5,60.49,69,18,13.89
548,Tarkwa,GH,2021-08-01 02:57:18,5.3064,-1.9847,71.85,95,80,2.39
549,Sinjar,IQ,2021-08-01 02:50:21,36.3209,41.8754,90.36,20,71,2.37
550,Huainan,CN,2021-08-01 02:57:18,32.6264,116.9969,90.84,64,1,5.57
551,Harper,LR,2021-08-01 02:49:10,4.375,-7.7169,76.23,83,100,11.03
552,Oranjestad,AW,2021-08-01 02:47:49,12.524,-70.027,82.35,83,20,24.16
553,Santa Catarina De Tepehuanes,MX,2021-08-01 02:57:19,25.35,-105.7333,63.93,89,100,3.83
554,Nicosia,CY,2021-08-01 02:52:24,35.1667,33.3667,80.29,41,0,9.22
555,Rio Novo,BR,2021-08-01 02:57:19,-21.4575,-43.1253,55.04,94,46,1.95
556,Chapais,CA,2021-08-01 02:51:30,49.7834,-74.8492,55.18,78,85,5.01
557,Klyuchi,RU,2021-08-01 02:57:20,52.2667,79.1667,80.55,28,27,7.92
558,Mananjary,MG,2021-08-01 02:57:20,-21.2167,48.3333,64.87,84,89,2.04
559,Olafsvik,IS,2021-08-01 02:53:56,64.8945,-23.7142,53.33,95,100,5.95
560,Tanza,PH,2021-08-01 02:57:21,14.6753,120.9389,91.17,77,100,14.0
561,Kabanjahe,ID,2021-08-01 02:51:37,3.1001,98.4908,68.76,67,100,4.16
562,Luau,AO,2021-08-01 02:57:21,-10.7073,22.2247,57.24,45,0,4.61
563,Kyshtovka,RU,2021-08-01 02:49:18,56.555,76.6271,61.52,84,28,5.23
564,Vagur,FO,2021-08-01 02:50:57,61.4732,-6.8119,49.42,74,88,9.8
565,Asmara,ER,2021-08-01 02:57:22,15.3333,38.9333,59.31,78,100,4.63
566,Winnemucca,US,2021-08-01 02:57:22,40.973,-117.7357,75.11,43,88,6.89
567,Progreso,MX,2021-08-01 02:45:15,21.2833,-89.6667,79.27,86,89,17.56
568,Zaria,NG,2021-08-01 02:57:23,11.1113,7.7227,68.77,96,55,8.01
569,Urucui,BR,2021-08-01 02:57:23,-7.2294,-44.5561,75.25,63,13,13.8
570,Villeneuve-Sur-Lot,FR,2021-08-01 02:57:24,44.5,0.6667,55.45,95,42,3.71
571,Lulea,SE,2021-08-01 02:51:19,65.5842,22.1547,59.07,94,90,6.91
572,Tommot,RU,2021-08-01 02:53:19,58.9564,126.2925,69.62,43,100,11.79
573,Wukari,NG,2021-08-01 02:57:24,7.85,9.7833,72.81,82,100,4.32
574,Kaa-Khem,RU,2021-08-01 02:57:25,51.6833,94.7333,62.83,70,100,6.31
575,Sao Joao Da Barra,BR,2021-08-01 02:50:47,-21.6403,-41.0511,66.2,62,82,10.33
