City_ID,City,Country,Date,Lat,Lng,Max Temp,Humidity,Cloudiness,Wind Speed,Weather Description
0,jalu,LY,2021-08-02 00:54:14,29.0331,21.5482,83.44,36,0,9.06,clear sky
1,hualmay,PE,2021-08-02 00:54:15,-11.0964,-77.6139,63.77,83,17,10.78,few clouds
2,hithadhoo,MV,2021-08-02 00:49:34,-0.6,73.0833,81.32,72,85,6.42,overcast clouds
3,mount isa,AU,2021-08-02 00:54:02,-20.7333,139.5,85.77,32,40,8.05,scattered clouds
4,mataura,NZ,2021-08-02 00:54:16,-46.1927,168.8643,45.48,83,100,2.1,overcast clouds
5,zhigansk,RU,2021-08-02 00:54:16,66.7697,123.3711,72.55,48,2,15.32,clear sky
6,hilo,US,2021-08-02 00:54:16,19.7297,-155.09,79.79,78,95,4.0,overcast clouds
7,hobart,AU,2021-08-02 00:51:22,-42.8794,147.3294,52.23,71,20,3.0,few clouds
8,hobyo,SO,2021-08-02 00:54:17,5.3505,48.5268,76.89,78,10,23.02,clear sky
9,jamestown,US,2021-08-02 00:49:25,42.097,-79.2353,61.3,87,90,4.0,light rain
10,kapaa,US,2021-08-02 00:54:17,22.0752,-159.319,87.78,79,64,4.0,broken clouds
11,rikitea,PF,2021-08-02 00:50:09,-23.1203,-134.9692,69.13,57,5,19.44,clear sky
12,bredasdorp,ZA,2021-08-02 00:54:18,-34.5322,20.0403,56.52,88,100,1.14,light rain
13,ancud,CL,2021-08-02 00:54:18,-41.8697,-73.8203,47.73,86,100,3.36,overcast clouds
14,ushuaia,AR,2021-08-02 00:52:07,-54.8,-68.3,37.17,87,34,8.41,scattered clouds
15,saint george,US,2021-08-02 00:52:24,37.1041,-113.5841,97.39,28,75,4.0,broken clouds
16,kurkino,RU,2021-08-02 00:54:19,53.4257,38.6582,68.68,55,15,6.67,few clouds
17,ribeira grande,PT,2021-08-02 00:52:46,38.5167,-28.7,72.82,95,16,13.67,few clouds
18,salihorsk,BY,2021-08-02 00:54:20,52.7876,27.5415,65.26,87,89,8.55,overcast clouds
19,buta,CD,2021-08-02 00:54:20,2.7858,24.73,69.98,99,100,1.34,overcast clouds
20,tripoli,LY,2021-08-02 00:50:02,32.8752,13.1875,86.36,45,0,10.2,clear sky
21,krumovgrad,BG,2021-08-02 00:54:03,41.4667,25.65,75.04,52,0,4.94,clear sky
22,albany,US,2021-08-02 00:50:10,42.6001,-73.9662,66.07,93,100,1.3,moderate rain
23,bluff,NZ,2021-08-02 00:54:21,-46.6,168.3333,45.81,80,100,7.2,overcast clouds
24,barrow,US,2021-08-02 00:50:02,71.2906,-156.7887,48.22,75,90,16.11,overcast clouds
25,tiarei,PF,2021-08-02 00:54:22,-17.5333,-149.3333,82.42,64,3,8.66,clear sky
26,ayorou,NE,2021-08-02 00:54:22,14.7308,0.9174,85.41,54,52,14.63,broken clouds
27,upata,VE,2021-08-02 00:54:22,8.0086,-62.3989,73.18,94,97,1.72,overcast clouds
28,arraial do cabo,BR,2021-08-02 00:49:26,-22.9661,-42.0278,66.36,74,7,13.73,clear sky
29,airai,TL,2021-08-02 00:54:23,-8.9266,125.4092,70.92,54,37,4.07,scattered clouds
30,karacakoy,TR,2021-08-02 00:54:23,41.4029,28.3834,77.04,58,0,1.88,clear sky
31,port elizabeth,ZA,2021-08-02 00:54:24,-33.918,25.5701,61.09,72,20,25.32,moderate rain
32,balikpapan,ID,2021-08-02 00:54:24,-1.2675,116.8289,79.79,89,40,4.61,scattered clouds
33,lagoa,PT,2021-08-02 00:49:27,39.05,-27.9833,71.83,95,100,14.88,overcast clouds
34,avarua,CK,2021-08-02 00:52:10,-21.2078,-159.775,71.65,88,75,17.27,light rain
35,atuona,PF,2021-08-02 00:52:42,-9.8,-139.0333,77.04,70,34,10.8,scattered clouds
36,ginda,IN,2021-08-02 00:54:25,30.6945,78.4932,66.24,85,100,3.15,overcast clouds
37,mweka,CD,2021-08-02 00:54:25,-4.85,21.5667,65.53,35,45,0.81,scattered clouds
38,haines junction,CA,2021-08-02 00:54:26,60.7522,-137.5108,82.35,28,12,6.91,few clouds
39,sitka,US,2021-08-02 00:54:26,57.0531,-135.33,64.17,77,70,5.17,broken clouds
40,saint-francois,FR,2021-08-02 00:53:09,46.4154,3.9054,55.18,94,40,1.14,scattered clouds
41,mar del plata,AR,2021-08-02 00:54:26,-38.0023,-57.5575,45.09,1,0,1.01,clear sky
42,robertsport,LR,2021-08-02 00:54:27,6.7533,-11.3686,77.58,79,100,12.35,overcast clouds
43,cape town,ZA,2021-08-02 00:52:14,-33.9258,18.4232,57.11,83,0,1.99,clear sky
44,parana,AR,2021-08-02 00:54:27,-31.732,-60.5238,54.52,59,0,7.38,clear sky
45,provideniya,RU,2021-08-02 00:54:28,64.3833,-173.3,44.71,76,90,22.37,light rain
46,shingu,JP,2021-08-02 00:54:28,33.7333,135.9833,86.99,70,100,6.38,overcast clouds
47,matagami,CA,2021-08-02 00:54:29,49.7502,-77.6328,59.11,67,40,6.91,scattered clouds
48,punta arenas,CL,2021-08-02 00:54:29,-53.15,-70.9167,41.11,75,40,23.02,light intensity shower rain
49,thompson,CA,2021-08-02 00:51:09,55.7435,-97.8558,84.36,32,20,12.66,smoke
50,esperance,AU,2021-08-02 00:54:29,-33.8667,121.9,51.64,67,100,19.6,overcast clouds
51,champerico,GT,2021-08-02 00:54:30,14.3,-91.9167,88.34,75,100,4.94,overcast clouds
52,lebu,CL,2021-08-02 00:51:01,-37.6167,-73.65,49.82,80,5,19.19,clear sky
53,bambous virieux,MU,2021-08-02 00:54:30,-20.3428,57.7575,68.25,83,40,11.5,scattered clouds
54,ust-koksa,RU,2021-08-02 00:54:31,50.2696,85.6108,56.86,69,9,1.54,clear sky
55,chapais,CA,2021-08-02 00:54:31,49.7834,-74.8492,56.98,74,100,4.45,overcast clouds
56,richards bay,ZA,2021-08-02 00:54:32,-28.783,32.0377,62.55,43,82,5.21,broken clouds
57,tuktoyaktuk,CA,2021-08-02 00:54:32,69.4541,-133.0374,60.8,82,75,9.22,broken clouds
58,kodiak,US,2021-08-02 00:54:32,57.79,-152.4072,56.93,92,97,5.73,overcast clouds
59,butaritari,KI,2021-08-02 00:54:33,3.0707,172.7902,83.25,68,73,9.19,broken clouds
60,lac du bonnet,CA,2021-08-02 00:54:33,50.2536,-96.0612,77.59,41,31,4.12,scattered clouds
61,krasnoye,UA,2021-08-02 00:54:33,49.9145,24.6134,61.95,84,16,9.71,few clouds
62,codrington,AU,2021-08-02 00:54:34,-38.2667,141.9667,52.47,72,39,20.4,scattered clouds
63,hasaki,JP,2021-08-02 00:54:34,35.7333,140.8333,90.28,80,20,10.04,few clouds
64,puerto ayora,EC,2021-08-02 00:54:35,-0.7393,-90.3518,69.55,95,42,5.99,scattered clouds
65,jaguaquara,BR,2021-08-02 00:54:35,-13.5306,-39.9708,59.76,93,100,7.87,overcast clouds
66,fortuna,US,2021-08-02 00:52:26,40.5982,-124.1573,70.93,71,20,3.0,few clouds
67,clyde river,CA,2021-08-02 00:54:36,70.4692,-68.5914,41.23,87,75,19.57,broken clouds
68,chulman,RU,2021-08-02 00:54:36,56.8479,124.9104,53.02,98,100,2.68,light rain
69,port lincoln,AU,2021-08-02 00:54:37,-34.7333,135.8667,51.37,88,100,17.25,light rain
70,tukrah,LY,2021-08-02 00:54:37,32.5341,20.5791,79.66,70,0,8.99,clear sky
71,los llanos de aridane,ES,2021-08-02 00:54:37,28.6585,-17.9182,68.13,69,90,16.11,overcast clouds
72,yei,SS,2021-08-02 00:54:38,4.095,30.6779,66.06,96,100,4.09,overcast clouds
73,kaitangata,NZ,2021-08-02 00:54:38,-46.2817,169.8464,52.93,69,100,1.57,overcast clouds
74,port hueneme,US,2021-08-02 00:54:39,34.1478,-119.1951,102.2,65,1,19.57,clear sky
75,nikolskoye,RU,2021-08-02 00:54:39,59.7035,30.7861,61.02,83,100,5.44,light rain
76,muros,ES,2021-08-02 00:50:37,42.7762,-9.0603,64.17,91,93,7.45,overcast clouds
77,porto belo,BR,2021-08-02 00:54:40,-27.1578,-48.5531,60.78,82,100,1.74,overcast clouds
78,yura,PE,2021-08-02 00:54:40,-16.2522,-71.6797,55.92,24,0,5.75,clear sky
79,hoopstad,ZA,2021-08-02 00:54:41,-27.8327,25.9083,43.97,37,5,5.46,clear sky
80,saint-philippe,RE,2021-08-02 00:50:12,-21.3585,55.7679,67.55,72,43,7.29,scattered clouds
81,orchard homes,US,2021-08-02 00:54:41,46.8633,-114.0484,74.91,73,100,5.26,overcast clouds
82,san patricio,US,2021-08-02 00:54:41,28.017,-97.5169,90.32,68,3,13.09,clear sky
83,dunedin,NZ,2021-08-02 00:54:42,-45.8742,170.5036,50.81,75,100,21.99,overcast clouds
84,faanui,PF,2021-08-02 00:54:42,-16.4833,-151.75,78.12,69,23,15.03,few clouds
85,busselton,AU,2021-08-02 00:54:42,-33.65,115.3333,46.04,68,100,7.72,overcast clouds
86,kargasok,RU,2021-08-02 00:54:43,59.0556,80.8572,55.13,81,100,4.5,overcast clouds
87,panzhihua,CN,2021-08-02 00:54:43,26.5851,101.7128,74.39,79,0,0.83,clear sky
88,upington,ZA,2021-08-02 00:54:44,-28.4478,21.2561,48.58,46,0,4.61,clear sky
89,luderitz,NA,2021-08-02 00:54:44,-26.6481,15.1594,63.1,38,0,7.34,clear sky
90,kampot,KH,2021-08-02 00:50:09,10.6167,104.1833,78.85,79,100,12.97,overcast clouds
91,naze,JP,2021-08-02 00:54:45,28.3667,129.4833,85.12,86,64,17.02,broken clouds
92,longyearbyen,SJ,2021-08-02 00:54:45,78.2186,15.6401,44.44,76,75,13.8,broken clouds
93,qaqortoq,GL,2021-08-02 00:54:25,60.7167,-46.0333,49.95,79,100,2.08,overcast clouds
94,victoria,HK,2021-08-02 00:54:00,22.2855,114.1577,86.97,88,100,1.01,light rain
95,yellowknife,CA,2021-08-02 00:54:46,62.456,-114.3525,88.29,28,20,6.91,few clouds
96,pevek,RU,2021-08-02 00:52:12,69.7008,170.3133,34.63,92,100,16.02,overcast clouds
97,ylivieska,FI,2021-08-02 00:54:46,64.0833,24.55,60.31,99,47,4.03,scattered clouds
98,kavieng,PG,2021-08-02 00:54:46,-2.5744,150.7967,83.03,76,13,7.99,light rain
99,qaanaaq,GL,2021-08-02 00:54:47,77.484,-69.3632,42.01,84,74,2.15,broken clouds
100,port alfred,ZA,2021-08-02 00:53:21,-33.5906,26.891,60.84,82,75,21.85,broken clouds
101,samana,DO,2021-08-02 00:54:47,19.2056,-69.3369,79.16,85,100,8.77,overcast clouds
102,bandarbeyla,SO,2021-08-02 00:54:48,9.4942,50.8122,82.09,62,11,27.92,few clouds
103,biak,ID,2021-08-02 00:54:48,-0.9131,122.8766,80.83,71,15,6.17,few clouds
104,te anau,NZ,2021-08-02 00:54:49,-45.4167,167.7167,48.36,83,100,2.13,light rain
105,norman wells,CA,2021-08-02 00:52:26,65.282,-126.8329,91.44,22,20,4.61,smoke
106,pacific grove,US,2021-08-02 00:54:49,36.6177,-121.9166,81.57,72,34,8.01,scattered clouds
107,lorengau,PG,2021-08-02 00:54:49,-2.0226,147.2712,84.56,76,27,11.14,scattered clouds
108,puerto escondido,MX,2021-08-02 00:54:50,15.85,-97.0667,82.67,77,86,1.48,overcast clouds
109,kyotera,UG,2021-08-02 00:54:50,-0.6156,31.5175,64.11,59,93,4.56,overcast clouds
110,margate,GB,2021-08-02 00:54:50,51.3813,1.3862,59.7,84,87,9.86,overcast clouds
111,curuca,BR,2021-08-02 00:54:51,-0.7289,-47.8481,72.86,92,75,3.98,broken clouds
112,jiaonan,CN,2021-08-02 00:54:51,35.8786,119.9753,78.82,88,86,4.12,light rain
113,kruisfontein,ZA,2021-08-02 00:54:52,-34.0033,24.7314,57.88,81,84,12.62,light rain
114,vaini,TO,2021-08-02 00:54:52,-21.2,-175.2,77.16,73,20,18.41,light rain
115,broome,US,2021-08-02 00:54:52,42.2506,-75.833,62.2,97,75,0.0,broken clouds
116,bereda,ES,2021-08-02 00:54:53,43.2686,-7.5406,59.41,100,96,2.86,overcast clouds
117,vestmannaeyjar,IS,2021-08-02 00:54:53,63.4427,-20.2734,53.8,90,92,4.83,overcast clouds
118,le pont-de-claix,FR,2021-08-02 00:54:53,45.1244,5.7064,59.92,83,100,1.74,overcast clouds
119,cabo san lucas,MX,2021-08-02 00:51:50,22.8909,-109.9124,94.51,72,20,4.0,few clouds
120,lata,PT,2021-08-02 00:54:54,40.1629,-8.3327,65.91,97,100,1.07,overcast clouds
121,carnarvon,AU,2021-08-02 00:53:08,-24.8667,113.6333,50.07,56,0,10.36,clear sky
122,ornskoldsvik,SE,2021-08-02 00:54:54,63.2909,18.7153,52.75,71,90,8.05,overcast clouds
123,aklavik,CA,2021-08-02 00:54:55,68.2191,-135.0107,77.72,50,100,13.62,overcast clouds
124,lokosovo,RU,2021-08-02 00:54:55,61.1333,74.8167,54.27,95,100,7.74,moderate rain
125,torbay,CA,2021-08-02 00:52:58,47.6666,-52.7314,61.57,86,20,12.66,few clouds
126,miraflores,MX,2021-08-02 00:54:56,19.2167,-98.8083,60.87,86,98,2.48,light rain
127,ponta do sol,PT,2021-08-02 00:54:56,32.6667,-17.1,72.23,89,2,4.03,clear sky
128,chuy,UY,2021-08-02 00:52:54,-33.6971,-53.4616,50.59,93,74,6.2,broken clouds
129,sinnamary,GF,2021-08-02 00:54:57,5.3833,-52.95,78.03,84,3,8.05,clear sky
130,mayo,US,2021-08-02 00:54:57,38.8876,-76.5119,76.15,92,0,1.01,clear sky
131,dieppe,FR,2021-08-02 00:52:36,49.75,1.1667,58.21,97,18,5.66,few clouds
132,teya,RU,2021-08-02 00:54:39,60.3778,92.6267,61.05,78,92,3.06,light rain
133,antofagasta,CL,2021-08-02 00:54:58,-23.65,-70.4,58.28,77,25,2.57,scattered clouds
134,kentau,KZ,2021-08-02 00:54:58,43.5206,68.5094,80.85,17,61,21.79,broken clouds
135,spilimbergo,IT,2021-08-02 00:54:59,46.1125,12.8969,63.1,74,97,7.25,overcast clouds
136,nemuro,JP,2021-08-02 00:54:59,43.3236,145.575,63.03,99,100,6.13,overcast clouds
137,goderich,CA,2021-08-02 00:51:37,43.7501,-81.7165,65.91,72,75,10.36,broken clouds
138,at-bashi,KG,2021-08-02 00:54:59,41.1702,75.8106,59.67,58,100,0.76,overcast clouds
139,nadadores,MX,2021-08-02 00:55:00,27.05,-101.6,95.02,30,0,18.9,clear sky
140,tazovskiy,RU,2021-08-02 00:55:00,67.4667,78.7,54.63,74,100,9.26,overcast clouds
141,yeniseysk,RU,2021-08-02 00:55:00,58.4497,92.1703,62.33,84,63,2.08,broken clouds
142,paita,PE,2021-08-02 00:55:01,-5.0892,-81.1144,66.06,80,0,16.89,clear sky
143,solec kujawski,PL,2021-08-02 00:55:01,53.0837,18.2257,60.87,77,100,4.0,overcast clouds
144,port hardy,CA,2021-08-02 00:55:02,50.6996,-127.4199,64.58,77,20,14.97,few clouds
145,alyangula,AU,2021-08-02 00:53:27,-13.8483,136.4192,80.47,78,90,9.22,overcast clouds
146,parry sound,CA,2021-08-02 00:55:02,45.3501,-80.033,66.25,77,100,5.5,overcast clouds
147,coxim,BR,2021-08-02 00:55:03,-18.5067,-54.76,70.92,36,0,5.37,clear sky
148,saldanha,ZA,2021-08-02 00:53:42,-33.0117,17.9442,48.25,87,40,8.16,scattered clouds
149,abu samrah,SY,2021-08-02 00:55:04,35.3029,37.1841,77.11,46,0,7.09,clear sky
150,alofi,NU,2021-08-02 00:55:04,-19.0595,-169.9187,80.49,61,50,20.71,scattered clouds
151,lavrentiya,RU,2021-08-02 00:55:04,65.5833,-171.0,43.27,79,100,18.59,overcast clouds
152,katsuura,JP,2021-08-02 00:55:05,35.1333,140.3,87.82,79,87,8.34,overcast clouds
153,soc trang,VN,2021-08-02 00:55:05,9.6033,105.98,78.76,75,90,13.06,overcast clouds
154,revelganj,IN,2021-08-02 00:55:05,25.7833,84.6667,76.91,78,100,1.97,heavy intensity rain
155,bogdanita,RO,2021-08-02 00:55:06,46.45,27.6833,76.91,70,1,8.32,clear sky
156,alcudia,ES,2021-08-02 00:55:06,39.8532,3.1214,74.17,72,100,5.26,overcast clouds
157,ixtapa,MX,2021-08-02 00:55:06,20.7,-105.2,82.69,85,7,2.68,clear sky
158,camana,PE,2021-08-02 00:55:07,-16.6228,-72.7111,62.29,81,37,7.23,scattered clouds
159,karratha,AU,2021-08-02 00:55:07,-20.7377,116.8463,66.18,42,0,21.23,clear sky
160,namatanai,PG,2021-08-02 00:55:07,-3.6667,152.4333,84.42,70,26,6.13,scattered clouds
161,shiringushi,RU,2021-08-02 00:55:08,53.8485,42.7676,67.23,66,7,7.94,clear sky
162,labuhan,ID,2021-08-02 00:55:08,-6.8844,112.2051,80.24,70,28,7.87,scattered clouds
163,camacha,PT,2021-08-02 00:55:09,33.0833,-16.3333,68.76,78,40,14.97,scattered clouds
164,kwidzyn,PL,2021-08-02 00:55:09,53.7249,18.9311,61.25,90,100,6.35,overcast clouds
165,hermanus,ZA,2021-08-02 00:55:09,-34.4187,19.2345,55.8,86,97,5.35,overcast clouds
166,sayyan,YE,2021-08-02 00:55:10,15.1718,44.3244,59.72,77,100,4.25,overcast clouds
167,yulara,AU,2021-08-02 00:55:10,-25.2406,130.9889,55.24,44,0,13.8,clear sky
168,olafsvik,IS,2021-08-02 00:52:05,64.8945,-23.7142,53.35,90,67,3.33,broken clouds
169,tortosa,ES,2021-08-02 00:55:11,40.8125,0.5216,71.19,58,59,2.66,broken clouds
170,coos bay,US,2021-08-02 00:55:11,43.3665,-124.2179,67.98,91,75,17.27,broken clouds
171,souillac,MU,2021-08-02 00:54:37,-20.5167,57.5167,68.38,83,40,11.5,scattered clouds
172,veraval,IN,2021-08-02 00:55:12,20.9,70.3667,81.28,86,100,19.82,overcast clouds
173,puerto del rosario,ES,2021-08-02 00:55:12,28.5004,-13.8627,69.55,78,21,18.41,few clouds
174,guerrero negro,MX,2021-08-02 00:52:30,27.9769,-114.0611,78.21,66,0,16.78,clear sky
175,barcelona,ES,2021-08-02 00:51:54,41.3888,2.159,72.97,80,0,4.61,clear sky
176,roald,NO,2021-08-02 00:55:13,62.5833,6.1333,53.01,87,40,9.22,scattered clouds
177,coihaique,CL,2021-08-02 00:55:13,-45.5752,-72.0662,51.75,66,75,8.05,moderate rain
178,rudbar,AF,2021-08-02 00:55:14,30.15,62.6,83.28,16,0,19.01,clear sky
179,axim,GH,2021-08-02 00:51:53,4.8699,-2.2405,75.38,90,11,4.7,few clouds
180,lompoc,US,2021-08-02 00:55:14,34.6391,-120.4579,85.57,63,1,13.8,clear sky
181,sao filipe,CV,2021-08-02 00:50:18,14.8961,-24.4956,75.63,77,19,0.76,few clouds
182,half moon bay,US,2021-08-02 00:55:15,37.4636,-122.4286,83.75,66,20,12.66,few clouds
183,auki,SB,2021-08-02 00:55:15,-8.7676,160.7034,81.39,79,37,9.26,scattered clouds
184,cockburn town,TC,2021-08-02 00:55:15,21.4612,-71.1419,82.15,81,99,20.51,overcast clouds
185,vila franca do campo,PT,2021-08-02 00:55:16,37.7167,-25.4333,73.81,93,63,9.69,broken clouds
186,araguacu,BR,2021-08-02 00:55:16,-12.9306,-49.8264,77.59,37,5,5.61,clear sky
187,taraz,KZ,2021-08-02 00:55:17,42.9,71.3667,77.29,36,79,4.47,broken clouds
188,high prairie,CA,2021-08-02 00:55:17,55.4334,-116.4858,83.5,28,100,6.76,overcast clouds
189,fomboni,KM,2021-08-02 00:55:17,-12.28,43.7425,76.3,69,4,18.16,clear sky
190,grindavik,IS,2021-08-02 00:55:18,63.8424,-22.4338,53.56,100,75,5.75,broken clouds
191,tautira,PF,2021-08-02 00:55:18,-17.7333,-149.15,82.42,63,8,7.2,clear sky
192,georgetown,MY,2021-08-02 00:54:24,5.4112,100.3354,80.53,89,20,1.99,few clouds
193,bethel,US,2021-08-02 00:55:18,41.3712,-73.414,70.54,91,45,4.34,light rain
194,peace river,CA,2021-08-02 00:55:19,56.2501,-117.286,86.31,48,90,3.44,overcast clouds
195,tasiilaq,GL,2021-08-02 00:55:19,65.6145,-37.6368,41.31,77,100,3.83,overcast clouds
196,zhezkazgan,KZ,2021-08-02 00:55:20,47.8043,67.7144,79.32,31,10,6.35,clear sky
197,jumla,NP,2021-08-02 00:55:20,29.2747,82.1838,64.87,88,97,1.77,overcast clouds
198,castro,BR,2021-08-02 00:55:20,-24.7911,-50.0119,45.86,91,19,2.95,few clouds
199,khatanga,RU,2021-08-02 00:52:40,71.9667,102.5,67.28,59,100,8.14,overcast clouds
200,benton harbor,US,2021-08-02 00:55:21,42.1167,-86.4542,69.49,73,0,4.0,clear sky
201,santa marta,CO,2021-08-02 00:53:08,11.2408,-74.199,87.85,74,75,8.05,broken clouds
202,ranfurly,NZ,2021-08-02 00:55:21,-45.1333,170.1,44.64,93,84,4.03,broken clouds
203,shimoda,JP,2021-08-02 00:55:22,34.6667,138.95,82.76,70,63,8.03,broken clouds
204,chulym,RU,2021-08-02 00:55:22,55.0997,80.9572,62.15,80,21,1.77,few clouds
205,komsomolskiy,UZ,2021-08-02 00:55:22,40.4272,71.7189,76.42,53,11,4.61,few clouds
206,ati,TD,2021-08-02 00:55:24,13.2154,18.3353,76.55,80,100,5.75,overcast clouds
207,mahebourg,MU,2021-08-02 00:55:24,-20.4081,57.7,68.29,83,40,11.5,scattered clouds
208,makakilo city,US,2021-08-02 00:55:24,21.3469,-158.0858,82.72,53,75,19.57,broken clouds
209,san fernando,PH,2021-08-02 00:55:25,15.0286,120.6898,85.14,75,100,14.58,overcast clouds
210,yar-sale,RU,2021-08-02 00:52:43,66.8333,70.8333,54.91,98,100,15.23,light rain
211,nouadhibou,MR,2021-08-02 00:55:12,20.931,-17.0347,73.38,78,0,12.66,clear sky
212,chumikan,RU,2021-08-02 00:55:26,54.7183,135.315,56.59,78,100,3.56,overcast clouds
213,liangxiang,CN,2021-08-02 00:55:26,39.7319,116.14,82.31,52,7,2.35,clear sky
214,kedrovyy,RU,2021-08-02 00:55:26,56.1667,91.8167,57.61,83,7,3.15,clear sky
215,cayenne,GF,2021-08-02 00:55:27,4.9333,-52.3333,82.09,79,0,4.61,clear sky
216,rawson,AR,2021-08-02 00:55:27,-43.3002,-65.1023,55.96,39,33,7.94,scattered clouds
217,ketchikan,US,2021-08-02 00:55:27,55.3422,-131.6461,67.44,68,100,3.06,overcast clouds
218,gizo,SB,2021-08-02 00:55:28,-8.103,156.8419,80.98,80,34,11.95,light rain
219,mahon,ES,2021-08-02 00:55:28,39.8885,4.2658,70.36,78,0,5.75,clear sky
220,ayr,GB,2021-08-02 00:55:29,55.4627,-4.6339,54.48,87,0,4.61,clear sky
221,semnan,IR,2021-08-02 00:55:29,35.5729,53.3971,76.06,44,37,6.91,scattered clouds
222,buncrana,IE,2021-08-02 00:55:29,55.1333,-7.45,48.87,89,100,3.49,overcast clouds
223,namibe,AO,2021-08-02 00:55:30,-15.1961,12.1522,67.15,87,15,1.83,few clouds
224,burns lake,CA,2021-08-02 00:55:30,54.2331,-125.7533,87.22,25,2,3.13,clear sky
225,huescar,ES,2021-08-02 00:55:31,37.811,-2.5412,65.95,68,18,1.54,few clouds
226,mandalgovi,MN,2021-08-02 00:55:31,45.7625,106.2708,66.45,35,100,19.6,overcast clouds
227,banda aceh,ID,2021-08-02 00:55:31,5.5577,95.3222,80.71,74,100,17.36,overcast clouds
228,bahia blanca,AR,2021-08-02 00:55:32,-38.7196,-62.2724,48.38,49,0,11.27,clear sky
229,ostrovnoy,RU,2021-08-02 00:55:32,68.0531,39.5131,48.61,84,57,7.99,broken clouds
230,dikson,RU,2021-08-02 00:55:33,73.5069,80.5464,42.12,99,100,10.09,overcast clouds
231,bengkulu,ID,2021-08-02 00:55:33,-3.8004,102.2655,75.9,89,97,3.71,overcast clouds
232,klobuck,PL,2021-08-02 00:55:33,50.9008,18.9367,59.14,95,100,8.72,overcast clouds
233,lensk,RU,2021-08-02 00:55:34,60.7253,114.9278,69.46,49,100,7.31,overcast clouds
234,alexandria,EG,2021-08-02 00:52:06,31.2156,29.9553,79.34,89,0,5.75,clear sky
235,pochutla,MX,2021-08-02 00:55:34,15.7432,-96.4661,78.98,85,100,3.0,overcast clouds
236,oranjemund,NA,2021-08-02 00:55:13,-28.55,16.4333,55.56,76,0,7.34,clear sky
237,portland,US,2021-08-02 00:54:00,45.5234,-122.6762,94.69,45,83,3.0,broken clouds
238,guiglo,CI,2021-08-02 00:55:35,6.5456,-7.4966,71.08,97,99,2.21,light rain
239,new norfolk,AU,2021-08-02 00:55:35,-42.7826,147.0587,50.92,79,93,3.27,overcast clouds
240,itarema,BR,2021-08-02 00:55:36,-2.9248,-39.9167,75.92,75,11,8.79,few clouds
241,elverum,NO,2021-08-02 00:55:36,60.8819,11.5623,53.06,69,100,7.92,overcast clouds
242,kushmurun,KZ,2021-08-02 00:55:37,52.4503,64.6311,70.36,70,30,5.73,scattered clouds
243,plettenberg bay,ZA,2021-08-02 00:51:21,-34.0527,23.3716,58.03,84,100,8.03,light rain
244,saskylakh,RU,2021-08-02 00:53:49,71.9167,114.0833,78.46,37,5,6.29,clear sky
245,northam,GB,2021-08-02 00:55:37,51.0333,-4.2167,56.61,90,39,6.44,scattered clouds
246,kununurra,AU,2021-08-02 00:50:55,-15.7667,128.7333,82.38,57,7,4.61,clear sky
247,cherskiy,RU,2021-08-02 00:55:38,68.75,161.3,42.1,68,84,21.77,broken clouds
248,adrar,MR,2021-08-02 00:54:52,20.5022,-10.0711,91.18,31,16,5.21,few clouds
249,ahipara,NZ,2021-08-02 00:55:38,-35.1667,173.1667,58.26,67,13,11.56,few clouds
250,amot,NO,2021-08-02 00:55:39,59.5714,7.9877,50.76,82,94,0.51,overcast clouds
251,beringovskiy,RU,2021-08-02 00:55:39,63.05,179.3167,45.72,79,96,21.34,overcast clouds
252,sakakah,SA,2021-08-02 00:55:13,29.9697,40.2064,87.37,21,0,10.89,clear sky
253,seymchan,RU,2021-08-02 00:55:40,62.8833,152.4333,45.28,61,100,18.7,overcast clouds
254,irondequoit,US,2021-08-02 00:55:40,43.2134,-77.5797,64.53,88,100,10.67,overcast clouds
255,upernavik,GL,2021-08-02 00:55:40,72.7868,-56.1549,42.69,79,5,9.69,clear sky
256,chicama,PE,2021-08-02 00:55:41,-7.8447,-79.1469,63.14,80,0,6.08,clear sky
257,lufilufi,WS,2021-08-02 00:55:42,-13.8745,-171.5986,77.79,81,88,20.8,moderate rain
258,redmond,US,2021-08-02 00:52:03,47.674,-122.1215,87.46,54,100,1.01,overcast clouds
259,sikasso,ML,2021-08-02 00:55:42,10.9167,-7.0,71.17,97,10,3.94,clear sky
260,kralendijk,BQ,2021-08-02 00:55:43,12.15,-68.2667,81.43,84,0,23.4,clear sky
261,vuktyl,RU,2021-08-02 00:55:43,63.8567,57.3094,54.28,97,24,3.98,few clouds
262,leningradskiy,RU,2021-08-02 00:55:43,69.3833,178.4167,34.23,99,100,18.3,light rain
263,seoul,KR,2021-08-02 00:51:12,37.5683,126.9778,81.01,86,90,5.75,overcast clouds
264,semporna,MY,2021-08-02 00:55:44,4.4818,118.6112,79.0,72,97,2.98,light rain
265,pisco,PE,2021-08-02 00:55:44,-13.7,-76.2167,62.65,82,75,12.66,broken clouds
266,manta,EC,2021-08-02 00:54:24,-0.95,-80.7333,73.18,83,20,12.66,few clouds
267,chabahar,IR,2021-08-02 00:55:45,25.2919,60.643,82.74,85,96,4.23,overcast clouds
268,kapit,MY,2021-08-02 00:55:45,2.0167,112.9333,75.65,97,100,1.32,overcast clouds
269,bulqize,AL,2021-08-02 00:55:46,41.4917,20.2219,68.32,37,5,5.7,clear sky
270,slave lake,CA,2021-08-02 00:55:46,55.2834,-114.769,76.98,69,1,3.44,clear sky
271,drayton valley,CA,2021-08-02 00:55:46,53.2168,-114.9854,91.62,24,96,12.66,overcast clouds
272,salalah,OM,2021-08-02 00:55:47,17.0151,54.0924,74.5,95,100,4.36,overcast clouds
273,bosaso,SO,2021-08-02 00:55:47,11.2842,49.1816,88.48,42,26,22.84,scattered clouds
274,necochea,AR,2021-08-02 00:55:48,-38.5473,-58.7368,41.65,70,0,8.84,clear sky
275,hailar,CN,2021-08-02 00:55:48,49.2,119.7,66.99,62,0,10.4,clear sky
276,shelburne,CA,2021-08-02 00:55:48,44.0787,-80.2041,59.85,78,49,7.0,scattered clouds
277,kokopo,PG,2021-08-02 00:55:49,-4.352,152.2633,84.06,69,9,12.93,light rain
278,guiyang,CN,2021-08-02 00:55:49,26.5833,106.7167,72.09,83,0,4.47,clear sky
279,nimaparha,IN,2021-08-02 00:55:50,20.0667,86.0167,79.2,73,61,6.04,broken clouds
280,baoqing,CN,2021-08-02 00:55:50,46.3317,132.2111,88.45,49,1,10.45,clear sky
281,royal leamington spa,GB,2021-08-02 00:51:35,52.3,-1.5333,57.85,89,100,3.91,overcast clouds
282,grand baie,MU,2021-08-02 00:55:51,-20.0182,57.5802,68.47,85,8,4.0,clear sky
283,doha,QA,2021-08-02 00:55:51,25.2867,51.5333,93.51,52,0,0.0,clear sky
284,bilma,NE,2021-08-02 00:55:51,18.6853,12.9164,92.1,11,19,5.01,few clouds
285,sabha,LY,2021-08-02 00:55:52,27.0377,14.4283,85.78,12,0,9.44,clear sky
286,isangel,VU,2021-08-02 00:55:52,-19.55,169.2667,75.31,57,75,9.22,broken clouds
287,bulalacao,PH,2021-08-02 00:55:53,12.3254,121.3435,83.08,80,100,20.29,overcast clouds
288,khani,GE,2021-08-02 00:55:53,41.9563,42.9566,60.37,94,20,3.69,few clouds
289,wadi maliz,TN,2021-08-02 00:55:13,36.4681,8.5495,78.46,89,6,3.11,clear sky
290,krasnyy kut,RU,2021-08-02 00:55:54,50.95,46.9667,73.85,56,13,7.49,few clouds
291,yaring,TH,2021-08-02 00:55:54,6.8662,101.3689,77.04,85,97,7.29,overcast clouds
292,kapoeta,SS,2021-08-02 00:55:54,4.7717,33.5903,76.53,56,96,0.49,overcast clouds
293,boguchany,RU,2021-08-02 00:55:55,58.3814,97.4531,57.42,96,100,1.9,light rain
294,amahai,ID,2021-08-02 00:55:55,-3.3333,128.9167,81.81,76,22,1.97,few clouds
295,ambon,ID,2021-08-02 00:55:56,-3.6954,128.1814,82.54,78,40,3.44,scattered clouds
296,manjacaze,MZ,2021-08-02 00:51:03,-24.7117,33.8828,57.11,65,0,5.97,clear sky
297,cairns,AU,2021-08-02 00:51:06,-16.9167,145.7667,82.11,68,40,11.5,scattered clouds
298,durgapur,IN,2021-08-02 00:55:56,23.4833,87.3167,81.45,81,100,6.6,overcast clouds
299,constitucion,CL,2021-08-02 00:55:57,-35.3333,-72.4167,53.22,65,0,6.71,clear sky
300,chalchihuites,MX,2021-08-02 00:55:57,23.4833,-103.8833,70.05,49,80,10.02,broken clouds
301,rocha,UY,2021-08-02 00:55:14,-34.4833,-54.3333,44.65,95,0,4.16,clear sky
302,ucluelet,CA,2021-08-02 00:51:03,48.9329,-125.5528,87.04,78,56,1.99,broken clouds
303,broken hill,AU,2021-08-02 00:55:58,-31.95,141.4333,55.11,62,0,16.11,clear sky
304,tucuman,AR,2021-08-02 00:55:58,-26.8241,-65.2226,57.2,41,0,8.05,clear sky
305,arcata,US,2021-08-02 00:55:59,40.8665,-124.0828,71.2,81,40,1.99,scattered clouds
306,najran,SA,2021-08-02 00:55:59,17.4924,44.1277,86.65,51,98,14.09,overcast clouds
307,vanderhoof,CA,2021-08-02 00:55:59,54.0166,-124.0198,84.74,34,100,11.1,overcast clouds
308,troitsko-pechorsk,RU,2021-08-02 00:56:00,62.7084,56.1964,53.46,97,14,4.61,few clouds
309,wote,KE,2021-08-02 00:56:00,-1.7808,37.6288,56.7,84,61,1.99,broken clouds
310,ballina,AU,2021-08-02 00:53:45,-28.8667,153.5667,68.18,88,90,3.44,overcast clouds
311,walvis bay,NA,2021-08-02 00:52:39,-22.9575,14.5053,70.75,17,0,10.36,clear sky
312,ambanja,MG,2021-08-02 00:54:17,-13.6833,48.45,67.21,81,0,3.42,clear sky
313,kloulklubed,PW,2021-08-02 00:56:01,7.0419,134.2556,81.1,75,100,13.82,overcast clouds
314,la serena,CL,2021-08-02 00:52:07,-29.9078,-71.2542,53.11,93,20,1.14,few clouds
315,dzilam gonzalez,MX,2021-08-02 00:56:01,21.2833,-88.9333,78.94,85,92,6.73,overcast clouds
316,jacareacanga,BR,2021-08-02 00:55:12,-6.2222,-57.7528,83.64,38,100,2.08,overcast clouds
317,narsaq,GL,2021-08-02 00:56:02,60.9167,-46.05,50.83,74,100,6.76,overcast clouds
318,tommot,RU,2021-08-02 00:56:02,58.9564,126.2925,57.24,96,100,10.09,light rain
319,puerto plata,DO,2021-08-02 00:56:02,19.7934,-70.6884,84.45,83,20,0.0,few clouds
320,krasnoyarka,RU,2021-08-02 00:56:03,55.3333,73.1167,62.55,90,0,6.93,clear sky
321,buala,SB,2021-08-02 00:56:03,-8.145,159.5921,79.77,84,100,7.02,light rain
322,linhares,BR,2021-08-02 00:56:04,-19.3911,-40.0722,63.28,78,83,3.18,broken clouds
323,kavaratti,IN,2021-08-02 00:56:04,10.5669,72.642,82.06,75,93,16.4,overcast clouds
324,mersing,MY,2021-08-02 00:56:04,2.4312,103.8405,76.91,88,40,3.44,scattered clouds
325,kotelnich,RU,2021-08-02 00:56:05,58.3089,48.348,61.63,82,100,6.04,overcast clouds
326,oussouye,SN,2021-08-02 00:56:05,12.485,-16.5469,78.89,88,48,9.82,light rain
327,kaeo,NZ,2021-08-02 00:56:06,-35.1,173.7833,65.32,65,47,10.25,scattered clouds
328,nome,US,2021-08-02 00:56:06,64.5011,-165.4064,55.17,94,90,9.22,moderate rain
329,floriano,BR,2021-08-02 00:56:07,-6.7669,-43.0225,79.47,42,100,11.65,overcast clouds
330,svetlogorsk,BY,2021-08-02 00:56:07,52.6333,29.7333,65.48,92,100,6.62,overcast clouds
331,sault sainte marie,CA,2021-08-02 00:53:28,46.5168,-84.3333,66.76,72,75,12.66,broken clouds
332,izvestkovyy,RU,2021-08-02 00:56:08,48.9833,131.55,64.0,95,100,4.27,light rain
333,malinao,PH,2021-08-02 00:56:08,7.5917,124.6889,76.08,78,100,3.31,overcast clouds
334,chavakkad,IN,2021-08-02 00:56:08,10.5333,76.05,75.27,84,95,5.21,overcast clouds
335,caetite,BR,2021-08-02 00:56:09,-14.0694,-42.475,60.82,61,100,10.45,overcast clouds
336,springbok,ZA,2021-08-02 00:56:09,-29.6643,17.8865,52.21,27,24,4.97,few clouds
337,aykhal,RU,2021-08-02 00:56:10,66.0,111.5,74.37,35,6,11.41,clear sky
338,sironj,IN,2021-08-02 00:56:10,24.1,77.7,72.9,97,100,17.6,heavy intensity rain
339,monrovia,LR,2021-08-02 00:52:09,6.3005,-10.7969,76.64,78,100,8.88,overcast clouds
340,touros,BR,2021-08-02 00:56:11,-5.1989,-35.4608,76.1,73,9,17.45,clear sky
341,caravelas,BR,2021-08-02 00:56:11,-17.7125,-39.2481,68.02,67,48,7.78,scattered clouds
342,agirish,RU,2021-08-02 00:52:15,61.9247,63.0231,54.9,94,14,7.43,few clouds
343,aquiraz,BR,2021-08-02 00:56:12,-3.9014,-38.3911,80.69,68,68,8.9,broken clouds
344,cape coast,GH,2021-08-02 00:56:12,5.1053,-1.2466,74.86,92,6,7.78,clear sky
345,hervey bay,AU,2021-08-02 00:56:12,-25.2986,152.8535,73.02,82,0,4.0,clear sky
346,bassila,BJ,2021-08-02 00:56:13,9.0081,1.6654,75.07,94,100,4.0,overcast clouds
347,rodrigues alves,BR,2021-08-02 00:56:13,-7.738,-72.6509,69.67,60,6,0.87,clear sky
348,acapulco,MX,2021-08-02 00:55:22,16.8634,-99.8901,82.85,84,4,8.01,clear sky
349,teknaf,BD,2021-08-02 00:56:14,20.8624,92.3058,78.21,92,100,7.7,overcast clouds
350,hede,CN,2021-08-02 00:56:14,33.7681,120.2517,84.13,78,49,5.66,light rain
351,tshela,CD,2021-08-02 00:56:14,-4.9833,12.9333,66.54,97,62,0.94,broken clouds
352,punta umbria,ES,2021-08-02 00:56:15,37.1821,-6.9661,72.23,55,100,18.14,overcast clouds
353,arman,RU,2021-08-02 00:56:15,59.7,150.1667,58.78,42,7,27.78,clear sky
354,ilulissat,GL,2021-08-02 00:56:15,69.2167,-51.1,49.08,59,0,12.75,clear sky
355,chokurdakh,RU,2021-08-02 00:53:57,70.6333,147.9167,45.09,57,73,7.54,broken clouds
356,bac lieu,VN,2021-08-02 00:54:15,9.285,105.7244,82.6,75,81,14.7,light rain
357,palembang,ID,2021-08-02 00:55:20,-2.9167,104.7458,78.89,83,20,3.44,light rain
358,sao joao da barra,BR,2021-08-02 00:56:16,-21.6403,-41.0511,67.12,65,88,8.46,overcast clouds
359,shaoguan,CN,2021-08-02 00:56:17,24.8,113.5833,86.81,69,45,1.23,scattered clouds
360,vigia,BR,2021-08-02 00:56:17,-0.8583,-48.1417,78.85,86,96,7.56,overcast clouds
361,matara,LK,2021-08-02 00:56:17,5.9485,80.5353,77.59,87,33,8.61,scattered clouds
362,birao,CF,2021-08-02 00:56:18,10.2849,22.7882,69.73,96,74,4.18,broken clouds
363,kurilsk,RU,2021-08-02 00:56:18,45.2333,147.8833,59.65,90,100,7.67,overcast clouds
364,maniitsoq,GL,2021-08-02 00:56:18,65.4167,-52.9,48.47,75,100,3.44,overcast clouds
365,mount gambier,AU,2021-08-02 00:52:57,-37.8333,140.7667,51.71,76,0,17.27,clear sky
366,isiro,CD,2021-08-02 00:56:19,2.7739,27.616,65.57,99,100,1.68,overcast clouds
367,puerto baquerizo moreno,EC,2021-08-02 00:56:19,-0.9,-89.6,71.17,87,23,11.97,few clouds
368,mamakan,RU,2021-08-02 00:56:19,57.8161,114.0028,57.0,92,100,1.43,overcast clouds
369,harper,LR,2021-08-02 00:56:20,4.375,-7.7169,76.3,78,100,6.15,overcast clouds
370,sur,OM,2021-08-02 00:56:20,22.5667,59.5289,89.82,56,100,4.61,overcast clouds
371,sirjan,IR,2021-08-02 00:56:20,29.452,55.6814,76.44,42,76,5.1,broken clouds
372,bereznik,RU,2021-08-02 00:56:21,62.8551,42.7072,57.06,98,100,5.28,overcast clouds
373,east london,ZA,2021-08-02 00:56:21,-33.0153,27.9116,62.13,67,77,19.35,broken clouds
374,nanortalik,GL,2021-08-02 00:52:31,60.1432,-45.2371,47.25,81,100,8.55,light rain
375,invermere,CA,2021-08-02 00:56:22,50.5167,-116.0354,92.28,25,88,2.3,overcast clouds
376,geraldton,AU,2021-08-02 00:56:22,-28.7667,114.6,49.12,87,40,11.5,scattered clouds
377,klaksvik,FO,2021-08-02 00:56:22,62.2266,-6.589,47.32,79,96,4.92,overcast clouds
378,berdigestyakh,RU,2021-08-02 00:56:23,62.0989,126.6992,75.88,39,100,9.48,overcast clouds
379,yingcheng,CN,2021-08-02 00:56:23,30.95,113.55,87.85,74,98,8.48,overcast clouds
380,turayf,SA,2021-08-02 00:56:24,31.6725,38.6637,77.25,44,0,9.22,clear sky
381,sinop,TR,2021-08-02 00:56:24,41.7711,34.8709,64.11,70,0,3.09,clear sky
382,casteltermini,IT,2021-08-02 00:56:24,37.5405,13.6445,80.76,38,26,2.82,scattered clouds
383,ouadda,CF,2021-08-02 00:56:25,8.0777,22.4007,66.04,98,100,3.62,overcast clouds
384,honningsvag,NO,2021-08-02 00:56:25,70.9821,25.9704,45.82,85,100,15.48,overcast clouds
385,abalak,RU,2021-08-02 00:56:25,58.1286,68.5944,58.59,95,13,7.65,few clouds
386,macapa,BR,2021-08-02 00:56:26,0.0389,-51.0664,80.58,89,75,4.61,broken clouds
387,alice springs,AU,2021-08-02 00:56:26,-23.7,133.8833,65.75,30,31,14.97,scattered clouds
388,roma,US,2021-08-02 00:56:27,43.2128,-75.4557,63.12,94,90,3.44,light rain
389,havelock,US,2021-08-02 00:56:27,34.8791,-76.9013,75.94,96,27,3.0,moderate rain
390,bafra,TR,2021-08-02 00:56:27,41.5678,35.9069,71.42,75,0,4.83,clear sky
391,daru,PG,2021-08-02 00:56:28,-9.0763,143.2092,79.83,67,7,14.07,clear sky
392,mehamn,NO,2021-08-02 00:54:40,71.0357,27.8492,45.27,91,100,17.81,light rain
393,marzuq,YE,2021-08-02 00:56:28,14.4,46.4667,80.06,60,44,4.36,scattered clouds
394,cidreira,BR,2021-08-02 00:56:29,-30.1811,-50.2056,55.8,94,4,4.45,clear sky
395,caronport,CA,2021-08-02 00:56:29,50.4501,-105.8179,90.68,21,100,2.53,overcast clouds
396,bakchar,RU,2021-08-02 00:56:29,57.0186,82.0711,57.69,78,97,1.19,overcast clouds
397,shahr-e babak,IR,2021-08-02 00:56:30,30.1165,55.1186,75.22,41,32,8.93,scattered clouds
398,pachino,IT,2021-08-02 00:56:30,36.7186,15.0907,80.64,65,4,2.46,clear sky
399,havre-saint-pierre,CA,2021-08-02 00:56:31,50.2334,-63.5986,57.56,88,40,11.5,scattered clouds
400,nelson bay,AU,2021-08-02 00:56:31,-32.7167,152.15,67.28,68,96,9.13,overcast clouds
401,xining,CN,2021-08-02 00:56:32,36.6167,101.7667,67.03,54,71,2.8,broken clouds
402,opuwo,NA,2021-08-02 00:56:32,-18.0607,13.84,56.03,36,0,2.75,clear sky
403,marystown,CA,2021-08-02 00:56:32,47.1666,-55.1483,57.27,90,13,10.47,few clouds
404,dingle,PH,2021-08-02 00:56:33,10.9995,122.6711,85.78,70,98,14.36,overcast clouds
405,sao gabriel da cachoeira,BR,2021-08-02 00:56:33,-0.1303,-67.0892,73.6,73,100,1.45,overcast clouds
406,steamboat springs,US,2021-08-02 00:56:34,40.485,-106.8317,74.91,67,40,0.0,scattered clouds
407,whitehorse,CA,2021-08-02 00:56:34,60.7161,-135.0538,88.02,20,20,9.22,few clouds
408,vao,NC,2021-08-02 00:56:34,-22.6667,167.4833,67.64,56,1,13.13,clear sky
409,tawang,IN,2021-08-02 00:56:35,27.5833,91.8667,59.09,91,99,1.3,overcast clouds
410,astana,KZ,2021-08-02 00:56:35,51.1801,71.446,67.95,68,0,6.71,clear sky
411,machinga,MW,2021-08-02 00:56:36,-15.1685,35.3,56.39,70,0,2.44,clear sky
412,ruteng,ID,2021-08-02 00:56:36,-8.6136,120.4721,67.87,80,54,3.65,broken clouds
413,miguel hidalgo,MX,2021-08-02 00:56:36,19.4225,-99.2028,61.43,72,100,6.96,overcast clouds
414,awjilah,LY,2021-08-02 00:56:37,29.1081,21.2869,82.29,38,0,7.76,clear sky
415,tieling,CN,2021-08-02 00:56:37,42.2931,123.8414,73.54,89,100,2.48,moderate rain
416,bilibino,RU,2021-08-02 00:56:38,68.0546,166.4372,47.01,50,97,9.13,overcast clouds
417,poya,NC,2021-08-02 00:56:38,-21.35,165.15,73.33,44,0,9.84,clear sky
418,inyonga,TZ,2021-08-02 00:56:39,-6.7167,32.0667,60.76,54,18,5.95,few clouds
419,zhenhai,CN,2021-08-02 00:56:39,24.2582,118.0905,83.08,87,100,6.62,overcast clouds
420,corinto,GR,2021-08-02 00:56:40,37.9407,22.9573,89.69,49,0,3.56,clear sky
421,nambucca heads,AU,2021-08-02 00:56:40,-30.65,153.0,65.17,85,100,4.83,overcast clouds
422,sobolevo,RU,2021-08-02 00:56:41,54.4299,31.8996,63.25,90,95,6.15,overcast clouds
423,togur,RU,2021-08-02 00:56:41,58.3631,82.8265,55.4,82,83,1.19,broken clouds
424,illela,NG,2021-08-02 00:56:41,13.7292,5.2975,82.67,64,89,16.42,overcast clouds
425,hutchinson,US,2021-08-02 00:51:49,38.0608,-97.9298,83.43,48,0,4.0,clear sky
426,pinsk,BY,2021-08-02 00:56:42,52.1229,26.0951,68.85,74,100,12.19,overcast clouds
427,galveston,US,2021-08-02 00:56:42,29.3669,-94.9669,90.18,79,39,1.01,scattered clouds
428,laguna,US,2021-08-02 00:56:43,38.421,-121.4238,103.21,28,1,5.99,clear sky
429,misratah,LY,2021-08-02 00:52:15,32.3754,15.0925,84.43,55,0,4.5,clear sky
430,faya,SA,2021-08-02 00:56:43,18.3851,42.4509,66.31,62,81,5.59,broken clouds
431,summerside,CA,2021-08-02 00:56:44,46.3959,-63.7876,66.63,72,52,10.36,broken clouds
432,boende,CD,2021-08-02 00:56:44,-0.2167,20.8667,71.92,77,100,1.97,overcast clouds
433,vardo,NO,2021-08-02 00:56:44,70.3705,31.1107,49.3,96,100,8.93,overcast clouds
434,tezu,IN,2021-08-02 00:56:45,27.9167,96.1667,82.78,71,1,0.98,clear sky
435,svetlaya,RU,2021-08-02 00:56:45,46.5389,138.3297,66.13,80,100,10.78,overcast clouds
436,severo-kurilsk,RU,2021-08-02 00:56:45,50.6789,156.125,57.58,67,21,14.38,few clouds
437,coquimbo,CL,2021-08-02 00:53:46,-29.9533,-71.3436,53.33,93,20,1.14,few clouds
438,ust-nera,RU,2021-08-02 00:52:32,64.5667,143.2,58.06,47,5,4.36,clear sky
439,biscarrosse,FR,2021-08-02 00:56:46,44.3945,-1.1672,57.43,100,0,0.0,clear sky
440,mezen,RU,2021-08-02 00:56:46,65.8522,44.24,50.63,71,100,5.55,overcast clouds
441,liwale,TZ,2021-08-02 00:56:47,-9.7667,37.9333,64.92,85,100,3.83,overcast clouds
442,kahului,US,2021-08-02 00:56:47,20.8947,-156.47,83.97,76,6,14.7,clear sky
443,deputatskiy,RU,2021-08-02 00:56:47,69.3,139.9,50.27,55,10,6.55,clear sky
444,encruzilhada do sul,BR,2021-08-02 00:52:16,-30.5439,-52.5219,45.12,88,0,4.38,clear sky
445,caldwell,US,2021-08-02 00:56:48,43.6629,-116.6874,84.47,73,1,4.61,clear sky
446,watsa,CD,2021-08-02 00:56:49,3.0372,29.5355,62.56,99,86,1.86,light rain
447,parabel,RU,2021-08-02 00:56:49,58.6978,81.4825,54.54,83,100,2.68,overcast clouds
448,sovetskaya gavan,RU,2021-08-02 00:56:49,48.9723,140.2878,65.55,76,75,4.74,broken clouds
449,temerloh,MY,2021-08-02 00:56:50,3.4483,102.4176,76.8,91,100,0.63,overcast clouds
450,cabinda,AO,2021-08-02 00:56:50,-5.55,12.2,71.58,88,90,2.06,overcast clouds
451,yarkovo,RU,2021-08-02 00:56:50,57.4028,67.0786,59.16,95,15,6.73,few clouds
452,kassala,SD,2021-08-02 00:56:51,15.451,36.4,75.63,78,99,10.89,overcast clouds
453,shahdadkot,PK,2021-08-02 00:56:51,27.8477,67.9055,89.78,58,15,4.54,few clouds
454,norton,ZW,2021-08-02 00:56:51,-17.8833,30.7,48.4,80,0,4.63,clear sky
455,kerman,IR,2021-08-02 00:56:52,30.2832,57.0788,76.86,22,0,6.91,clear sky
456,hofn,IS,2021-08-02 00:56:52,64.2539,-15.2082,53.51,92,98,2.68,overcast clouds
457,talnakh,RU,2021-08-02 00:54:16,69.4865,88.3972,60.35,77,100,5.08,overcast clouds
458,tura,IN,2021-08-02 00:56:53,25.5198,90.2201,75.27,98,99,4.92,overcast clouds
459,labrea,BR,2021-08-02 00:56:53,-7.2586,-64.7981,77.7,44,5,3.04,clear sky
460,guarapari,BR,2021-08-02 00:56:54,-20.6667,-40.4975,66.09,76,11,3.13,few clouds
461,fengrun,CN,2021-08-02 00:56:55,39.8333,118.1167,76.8,73,52,7.16,broken clouds
462,guanay,BO,2021-08-02 00:56:55,-15.4975,-67.8797,64.74,90,100,1.77,overcast clouds
463,icod de los vinos,ES,2021-08-02 00:56:55,28.3724,-16.7119,69.55,80,47,15.64,scattered clouds
464,san francisco,US,2021-08-02 00:53:07,37.7749,-122.4194,86.13,70,20,3.0,few clouds
465,indianola,US,2021-08-02 00:56:56,41.3581,-93.5574,75.85,61,41,9.19,scattered clouds
466,quatre cocos,MU,2021-08-02 00:55:07,-20.2078,57.7625,68.11,69,14,12.53,few clouds
467,vila velha,BR,2021-08-02 00:56:56,-20.3297,-40.2925,66.15,77,75,4.61,broken clouds
468,marsh harbour,BS,2021-08-02 00:56:57,26.5412,-77.0636,84.4,74,61,12.53,broken clouds
469,carmen,MX,2021-08-02 00:53:51,18.6333,-91.8333,80.64,78,90,6.91,overcast clouds
470,toronto,CA,2021-08-02 00:52:00,43.7001,-79.4163,65.23,79,75,3.0,broken clouds
471,gayny,RU,2021-08-02 00:56:57,60.3071,54.3241,55.2,95,100,3.69,overcast clouds
472,ciudad bolivar,VE,2021-08-02 00:56:58,8.1222,-63.5497,77.23,86,100,5.23,overcast clouds
473,camocim,BR,2021-08-02 00:56:58,-2.9022,-40.8411,77.29,63,25,8.57,scattered clouds
474,cap malheureux,MU,2021-08-02 00:55:34,-19.9842,57.6142,68.49,85,16,4.0,few clouds
475,charlestown,AU,2021-08-02 00:56:58,-32.95,151.6667,67.1,60,85,1.99,overcast clouds
476,puerto maldonado,PE,2021-08-02 00:56:59,-12.6,-69.1833,71.35,51,5,3.83,clear sky
477,eberbach,DE,2021-08-02 00:56:59,49.4694,8.9928,59.59,93,9,3.67,clear sky
478,kommunar,RU,2021-08-02 00:56:59,59.6206,30.39,60.66,84,99,5.53,light rain
479,sosenskiy,RU,2021-08-02 00:57:00,54.059,35.9623,65.91,83,67,4.85,broken clouds
480,general pico,AR,2021-08-02 00:57:00,-35.6566,-63.7568,45.75,54,0,8.28,clear sky
481,palauig,PH,2021-08-02 00:57:00,15.435,119.9045,82.08,87,100,14.85,overcast clouds
482,cienaga,CO,2021-08-02 00:57:01,11.007,-74.2476,87.93,74,75,8.05,broken clouds
483,uyuni,BO,2021-08-02 00:57:01,-20.4597,-66.825,39.22,26,55,4.41,broken clouds
484,saint-georges,GD,2021-08-02 00:52:21,12.0564,-61.7485,82.08,83,20,11.5,few clouds
485,mareeba,AU,2021-08-02 00:57:02,-17.0,145.4333,78.48,62,0,6.2,clear sky
486,luganville,VU,2021-08-02 00:57:02,-15.5333,167.1667,76.28,55,28,9.26,scattered clouds
487,tilichiki,RU,2021-08-02 00:57:02,60.4667,166.1,54.46,61,98,2.13,light rain
488,dumas,US,2021-08-02 00:57:03,35.8656,-101.9732,73.54,53,40,9.22,scattered clouds
489,vorchdorf,AT,2021-08-02 00:57:03,48.0039,13.9212,59.14,93,100,6.89,light rain
490,grand gaube,MU,2021-08-02 00:57:04,-20.0064,57.6608,68.4,85,17,4.0,few clouds
491,arlit,NE,2021-08-02 00:57:04,18.7369,7.3853,95.0,25,5,11.86,clear sky
492,bonavista,CA,2021-08-02 00:57:04,48.6499,-53.1147,62.11,80,0,19.39,clear sky
493,port hedland,AU,2021-08-02 00:57:05,-20.3167,118.5667,66.25,37,0,21.85,clear sky
494,sale,MA,2021-08-02 00:56:10,34.0389,-6.8166,64.74,94,7,3.44,clear sky
495,baykit,RU,2021-08-02 00:57:05,61.67,96.37,64.29,83,100,1.7,overcast clouds
496,brae,GB,2021-08-02 00:57:05,60.3964,-1.353,49.91,80,100,12.03,overcast clouds
497,atasu,KZ,2021-08-02 00:57:06,48.6814,71.6433,75.63,45,7,0.13,clear sky
498,pangnirtung,CA,2021-08-02 00:57:06,66.1451,-65.7125,52.39,77,100,1.61,overcast clouds
499,asau,RO,2021-08-02 00:57:06,46.4333,26.4,74.32,53,24,5.39,light rain
500,narragansett,US,2021-08-02 00:57:07,41.4501,-71.4495,70.02,68,47,6.24,scattered clouds
501,husavik,IS,2021-08-02 00:57:07,66.0449,-17.3389,53.51,74,100,1.9,overcast clouds
502,srednekolymsk,RU,2021-08-02 00:57:08,67.45,153.6833,42.89,57,100,10.29,overcast clouds
503,binga,ZW,2021-08-02 00:57:08,-17.6203,27.3414,59.76,60,0,2.33,clear sky
504,ekibastuz,KZ,2021-08-02 00:57:08,51.6667,75.3667,73.69,47,4,9.13,clear sky
505,belle fourche,US,2021-08-02 00:57:09,44.6714,-103.8522,88.05,20,4,4.88,clear sky
506,zharkent,KZ,2021-08-02 00:52:18,44.1628,80.0,73.63,23,2,3.65,clear sky
507,nanakuli,US,2021-08-02 00:57:09,21.3906,-158.1547,84.04,60,0,20.4,clear sky
508,mingguang,CN,2021-08-02 00:57:10,32.7802,117.9638,85.12,77,0,3.56,light rain
509,barra do garcas,BR,2021-08-02 00:57:10,-15.89,-52.2567,73.08,34,5,4.61,clear sky
510,saint-pierre,RE,2021-08-02 00:52:24,-21.3393,55.4781,67.64,65,40,5.75,scattered clouds
511,srisailam,IN,2021-08-02 00:57:11,16.0833,78.8667,72.93,82,99,12.8,overcast clouds
512,morondava,MG,2021-08-02 00:57:11,-20.2833,44.2833,67.91,73,55,3.85,broken clouds
513,cutro,IT,2021-08-02 00:57:11,39.0353,16.9819,81.39,39,1,2.1,clear sky
514,carutapera,BR,2021-08-02 00:57:12,-1.195,-46.02,73.09,89,46,1.23,scattered clouds
515,port shepstone,ZA,2021-08-02 00:57:12,-30.7414,30.455,62.98,77,79,14.99,broken clouds
516,verkhniy avzyan,RU,2021-08-02 00:57:13,53.5289,57.5372,58.3,76,36,1.61,scattered clouds
517,weligama,LK,2021-08-02 00:57:13,5.9667,80.4167,77.9,87,29,8.9,scattered clouds
518,copiapo,CL,2021-08-02 00:57:13,-27.3667,-70.3333,51.49,48,0,1.43,clear sky
519,santa isabel,BR,2021-08-02 00:57:14,-23.3156,-46.2214,56.98,96,97,3.11,overcast clouds
520,hovd,MN,2021-08-02 00:57:14,48.0056,91.6419,59.92,49,5,0.47,clear sky
521,madang,PG,2021-08-02 00:57:14,-5.2246,145.7966,83.26,75,17,3.24,few clouds
522,tevriz,RU,2021-08-02 00:57:15,57.509,72.4042,61.97,98,39,5.14,scattered clouds
523,dwarka,IN,2021-08-02 00:57:15,22.2394,68.9678,81.7,84,99,22.17,overcast clouds
524,riverton,US,2021-08-02 00:57:15,40.5219,-111.9391,87.28,51,40,3.0,scattered clouds
525,qiongshan,CN,2021-08-02 00:57:16,20.0058,110.3542,78.78,89,75,6.71,light intensity shower rain
526,iqaluit,CA,2021-08-02 00:57:16,63.7506,-68.5145,47.93,93,90,3.44,light rain
527,monte escobedo,MX,2021-08-02 00:57:17,22.3,-103.5833,70.12,48,60,4.09,broken clouds
528,damghan,IR,2021-08-02 00:57:17,36.1683,54.348,74.28,42,96,1.97,overcast clouds
529,marawi,PH,2021-08-02 00:57:17,7.9986,124.2928,82.65,67,54,5.59,broken clouds
530,atar,MR,2021-08-02 00:52:32,20.5169,-13.0499,88.25,44,99,11.77,overcast clouds
531,wajima,JP,2021-08-02 00:57:18,37.4,136.9,88.48,66,40,3.44,scattered clouds
532,noshiro,JP,2021-08-02 00:57:18,40.2039,140.0242,83.34,65,1,6.2,clear sky
533,ramban,IN,2021-08-02 00:57:18,33.25,75.25,71.91,80,61,4.43,broken clouds
534,vytegra,RU,2021-08-02 00:57:19,61.0064,36.4481,56.89,96,11,7.92,few clouds
535,hambantota,LK,2021-08-02 00:57:19,6.1241,81.1185,77.34,100,20,5.75,few clouds
536,wanning,CN,2021-08-02 00:57:19,18.8003,110.3967,82.72,83,100,10.29,light rain
537,perth,AU,2021-08-02 00:57:20,-31.9333,115.8333,53.06,87,75,3.44,broken clouds
538,altoona,US,2021-08-02 00:57:20,40.5187,-78.3947,65.71,80,0,5.75,clear sky
539,umm kaddadah,SD,2021-08-02 00:57:21,13.6017,26.6876,81.23,63,23,16.42,few clouds
540,tarauaca,BR,2021-08-02 00:57:21,-8.1614,-70.7656,70.21,51,5,2.89,clear sky
541,san cristobal,VE,2021-08-02 00:57:21,7.7669,-72.225,75.38,98,100,5.86,overcast clouds
542,morehead,US,2021-08-02 00:57:22,37.2711,-87.1764,76.75,77,1,0.0,clear sky
543,aransas pass,US,2021-08-02 00:57:23,27.9095,-97.15,87.82,80,40,3.0,scattered clouds
544,makokou,GA,2021-08-02 00:57:23,0.5738,12.8642,68.95,97,100,3.91,moderate rain
545,sturgis,US,2021-08-02 00:57:24,41.7992,-85.4192,68.25,47,90,6.91,overcast clouds
546,batagay,RU,2021-08-02 00:57:24,67.6333,134.6333,68.92,34,0,0.94,clear sky
547,flinders,AU,2021-08-02 00:57:25,-34.5833,150.8552,64.06,95,11,3.0,few clouds
548,aktanysh,RU,2021-08-02 00:57:25,55.7216,54.0829,63.14,69,12,6.53,few clouds
549,kindersley,CA,2021-08-02 00:57:26,51.4668,-109.1682,94.78,22,1,8.05,clear sky
550,severo-yeniseyskiy,RU,2021-08-02 00:55:57,60.3725,93.0408,59.04,70,84,4.47,broken clouds
551,staraya poltavka,RU,2021-08-02 00:57:26,50.4772,46.4814,73.9,44,0,5.88,clear sky
552,revadanda,IN,2021-08-02 00:57:26,18.5503,72.9278,82.4,85,100,14.99,overcast clouds
553,shahpur,IN,2021-08-02 00:57:27,16.7,76.8333,74.35,77,100,15.14,overcast clouds
554,atlantic city,US,2021-08-02 00:53:45,39.3643,-74.4229,73.0,82,88,3.22,moderate rain
555,amarante do maranhao,BR,2021-08-02 00:57:27,-5.5667,-46.7422,78.84,44,96,2.35,overcast clouds
556,mitsamiouli,KM,2021-08-02 00:53:40,-11.3847,43.2844,75.65,65,3,11.54,clear sky
557,pangkalanbuun,ID,2021-08-02 00:57:28,-2.6833,111.6167,81.79,73,61,4.05,broken clouds
558,ruston,US,2021-08-02 00:57:28,32.5232,-92.6379,89.29,88,42,4.43,scattered clouds
559,eureka,US,2021-08-02 00:57:29,40.8021,-124.1637,71.2,82,20,5.01,few clouds
560,the valley,AI,2021-08-02 00:57:29,18.217,-63.0578,82.81,75,0,14.09,clear sky
561,dukat,RU,2021-08-02 00:57:30,62.55,155.55,33.8,100,100,7.34,light rain
562,talara,PE,2021-08-02 00:54:43,-4.5772,-81.2719,65.28,87,0,20.15,clear sky
563,porangatu,BR,2021-08-02 00:57:30,-13.4408,-49.1486,74.95,38,7,3.42,clear sky
564,ballyshannon,IE,2021-08-02 00:57:31,54.5,-8.1833,52.61,86,100,1.92,overcast clouds
565,bronnoysund,NO,2021-08-02 00:57:31,65.4625,12.1997,46.4,81,75,3.44,broken clouds
566,suraabad,AZ,2021-08-02 00:57:31,40.8192,49.4687,73.58,52,100,6.42,overcast clouds
567,samarai,PG,2021-08-02 00:57:32,-10.6167,150.6667,78.42,65,94,8.19,overcast clouds
568,waingapu,ID,2021-08-02 00:57:32,-9.6567,120.2641,82.85,63,100,13.85,overcast clouds
569,rumonge,BI,2021-08-02 00:57:33,-3.9736,29.4386,73.6,51,68,1.12,broken clouds
570,tuatapere,NZ,2021-08-02 00:57:33,-46.1333,167.6833,45.82,89,100,5.68,light rain
571,durusu,TR,2021-08-02 00:57:33,41.3053,28.6767,77.18,92,0,4.0,clear sky
572,villa carlos paz,AR,2021-08-02 00:57:34,-31.4241,-64.4978,53.38,55,0,1.99,clear sky
573,mongu,ZM,2021-08-02 00:57:34,-15.2484,23.1274,55.33,58,0,6.35,clear sky
574,liverpool,GB,2021-08-02 00:57:09,53.4106,-2.9779,58.37,78,75,5.75,broken clouds
575,shamgarh,IN,2021-08-02 00:57:35,24.1833,75.6333,72.27,96,100,17.29,moderate rain
576,brasileia,BR,2021-08-02 00:57:35,-11.0161,-68.7481,70.45,45,0,3.09,clear sky
577,kohima,IN,2021-08-02 00:57:35,25.6667,94.1167,68.07,96,56,1.95,broken clouds
578,elko,US,2021-08-02 00:53:53,41.0002,-115.5012,79.23,53,82,5.01,broken clouds
579,jijiga,ET,2021-08-02 00:57:36,9.35,42.8,59.72,79,21,15.37,few clouds
580,evensk,RU,2021-08-02 00:57:37,61.95,159.2333,50.05,74,100,18.7,overcast clouds
581,pitimbu,BR,2021-08-02 00:56:23,-7.4706,-34.8086,73.99,83,26,16.58,scattered clouds
582,asyut,EG,2021-08-02 00:57:37,27.181,31.1837,86.18,18,4,5.77,clear sky
583,yining,CN,2021-08-02 00:57:38,29.0361,114.5636,88.97,66,0,2.13,light rain
584,alekseyevsk,RU,2021-08-02 00:57:38,57.8406,108.3492,65.46,52,99,8.28,overcast clouds
585,mount hagen,PG,2021-08-02 00:57:38,-5.8581,144.2274,66.96,77,75,0.0,haze
586,saint-augustin,CA,2021-08-02 00:57:39,51.226,-58.6502,57.81,83,100,10.83,overcast clouds
587,asfi,MA,2021-08-02 00:55:09,32.2994,-9.2372,66.24,84,4,12.44,clear sky
588,mosjoen,NO,2021-08-02 00:57:40,65.836,13.1908,46.4,79,98,3.71,overcast clouds
589,hamilton,US,2021-08-02 00:53:56,39.1834,-84.5333,74.95,67,1,1.01,clear sky
590,bijie,CN,2021-08-02 00:57:40,27.3125,105.2942,72.97,66,1,0.92,clear sky
591,quixeramobim,BR,2021-08-02 00:57:40,-5.1992,-39.2928,74.62,57,75,7.14,broken clouds
592,baghdad,IQ,2021-08-02 00:55:09,33.3406,44.4009,94.91,20,0,4.61,clear sky
593,peterhead,GB,2021-08-02 00:57:41,57.5058,-1.7981,52.2,79,100,11.25,overcast clouds
594,jevargi,IN,2021-08-02 00:57:41,17.0167,76.7667,74.93,78,100,15.5,overcast clouds
595,severnyy,RU,2021-08-02 00:57:41,50.677,36.5532,71.64,68,0,0.0,clear sky
596,buraydah,SA,2021-08-02 00:57:42,26.326,43.975,88.25,10,5,1.1,clear sky
597,devrek,TR,2021-08-02 00:57:42,41.2192,31.9558,64.96,62,0,5.19,clear sky
598,jeannette,US,2021-08-02 00:57:43,40.3281,-79.6153,66.49,89,1,1.01,clear sky
599,kiskunmajsa,HU,2021-08-02 00:57:43,46.4903,19.74,64.9,88,100,11.9,overcast clouds
600,bobo dioulasso,BF,2021-08-02 00:57:43,11.1771,-4.2979,75.65,94,0,0.0,clear sky
601,abu zabad,SD,2021-08-02 00:57:44,12.35,29.25,73.99,75,100,10.0,overcast clouds
602,besikduzu,TR,2021-08-02 00:57:44,41.052,39.2284,78.69,84,40,3.6,scattered clouds
603,dandong,CN,2021-08-02 00:57:44,40.1292,124.3947,74.91,85,100,5.95,overcast clouds
604,shirokiy,RU,2021-08-02 00:57:45,49.758,129.523,62.94,98,100,2.75,overcast clouds
605,thinadhoo,MV,2021-08-02 00:57:45,0.5333,72.9333,81.52,71,78,3.2,heavy intensity rain
606,fredericksburg,US,2021-08-02 00:52:59,38.3032,-77.4605,77.04,85,1,0.0,clear sky
607,buin,CL,2021-08-02 00:57:45,-33.7333,-70.75,66.74,26,2,3.87,clear sky
608,isla aguada,MX,2021-08-02 00:57:46,18.7833,-91.4667,80.64,78,96,11.61,overcast clouds
609,kashi,CN,2021-08-02 00:57:46,39.4547,75.9797,70.81,56,90,6.71,dust
610,japura,ID,2021-08-02 00:57:46,-0.3167,102.35,77.41,90,100,3.0,overcast clouds
611,nchelenge,ZM,2021-08-02 00:57:47,-9.3451,28.734,62.01,63,7,6.11,clear sky
612,monopoli,IT,2021-08-02 00:57:47,40.9559,17.2896,91.08,39,85,8.68,overcast clouds
613,staraya toropa,RU,2021-08-02 00:57:48,56.2801,31.6702,61.21,66,100,4.7,light rain
614,viedma,AR,2021-08-02 00:57:48,-40.8135,-62.9967,51.21,50,0,16.75,clear sky
615,heihe,CN,2021-08-02 00:57:48,50.2441,127.4902,63.18,74,100,7.07,overcast clouds
616,port said,EG,2021-08-02 00:57:49,31.2565,32.2841,82.38,83,0,5.75,clear sky
617,ndioum,SN,2021-08-02 00:57:49,16.5129,-14.6471,89.49,54,100,13.56,overcast clouds
618,burevestnik,RU,2021-08-02 00:57:50,56.144,43.7883,67.75,68,0,4.47,clear sky
619,sao jose da coroa grande,BR,2021-08-02 00:57:50,-8.8978,-35.1478,73.31,80,4,12.84,clear sky
620,podosinovets,RU,2021-08-02 00:57:50,60.2776,47.0659,57.83,99,62,4.94,broken clouds
621,kenai,US,2021-08-02 00:57:51,60.5544,-151.2583,75.02,71,1,6.42,clear sky
622,comodoro rivadavia,AR,2021-08-02 00:56:09,-45.8667,-67.5,62.46,22,0,18.41,clear sky
623,rincon,US,2021-08-02 00:54:10,32.296,-81.2354,85.21,90,17,4.63,few clouds
624,tiksi,RU,2021-08-02 00:57:51,71.6872,128.8694,51.28,65,31,6.22,scattered clouds
625,constantine,DZ,2021-08-02 00:57:52,36.365,6.6147,72.81,83,0,12.66,clear sky
626,san ramon,US,2021-08-02 00:57:52,37.7799,-121.978,87.67,54,4,8.99,clear sky
627,strezhevoy,RU,2021-08-02 00:57:52,60.7333,77.5889,57.18,77,100,7.05,overcast clouds
628,flagstaff,US,2021-08-02 00:56:49,35.1981,-111.6513,75.88,63,90,3.0,thunderstorm
629,college,US,2021-08-02 00:57:53,64.8569,-147.8028,77.58,56,75,0.0,broken clouds
630,paamiut,GL,2021-08-02 00:54:44,61.994,-49.6678,45.66,93,100,8.59,overcast clouds
631,ternate,ID,2021-08-02 00:57:54,0.8,127.4,82.87,76,73,6.51,broken clouds
632,great bend,US,2021-08-02 00:57:54,38.3645,-98.7648,82.89,44,0,5.99,clear sky
633,vernon,CA,2021-08-02 00:57:54,50.2581,-119.2691,71.62,81,100,1.14,overcast clouds
634,kawalu,ID,2021-08-02 00:57:55,-7.3817,108.2082,72.68,93,97,1.88,overcast clouds
635,bouillante,GP,2021-08-02 00:57:55,16.1304,-61.7692,79.83,79,0,8.19,clear sky
636,mandera,KE,2021-08-02 00:57:56,3.9366,41.867,74.73,67,77,17.98,broken clouds
637,konstantinovka,RU,2021-08-02 00:57:56,49.6167,127.9833,65.44,73,100,8.41,overcast clouds
638,outjo,NA,2021-08-02 00:57:56,-20.1167,16.15,53.82,33,0,10.54,clear sky
639,qasigiannguit,GL,2021-08-02 00:55:40,68.8193,-51.1922,50.47,58,0,9.15,clear sky
640,coahuayana,MX,2021-08-02 00:57:57,18.7333,-103.6833,83.1,81,47,3.74,scattered clouds
641,qostanay,KZ,2021-08-02 00:57:57,53.1667,63.5833,61.09,82,0,6.71,clear sky
642,banjarmasin,ID,2021-08-02 00:57:58,-3.3244,114.591,78.94,66,11,2.84,few clouds
643,sangar,RU,2021-08-02 00:57:58,63.9242,127.4739,74.77,39,92,6.4,overcast clouds
644,pundaguitan,PH,2021-08-02 00:54:27,6.3711,126.1689,84.16,73,97,7.25,overcast clouds
645,lerwick,GB,2021-08-02 00:57:58,60.1545,-1.1494,50.0,79,100,12.66,overcast clouds
646,mackay,AU,2021-08-02 00:57:59,-21.15,149.2,79.05,64,0,5.75,clear sky
647,hami,CN,2021-08-02 00:57:59,42.8,93.45,73.42,33,6,4.34,clear sky
648,winnemucca,US,2021-08-02 00:58:00,40.973,-117.7357,84.11,19,3,5.53,clear sky
649,boyolangu,ID,2021-08-02 00:58:00,-8.1181,111.8935,77.79,81,66,9.71,broken clouds
650,ygatimi,PY,2021-08-02 00:58:00,-24.0833,-55.5,56.16,68,58,3.24,broken clouds
651,ronne,DK,2021-08-02 00:58:01,55.1009,14.7066,62.51,67,75,14.97,broken clouds
652,poum,NC,2021-08-02 00:58:01,-20.2333,164.0167,69.49,55,3,12.15,clear sky
653,west bay,KY,2021-08-02 00:58:01,19.3667,-81.4167,85.06,83,20,1.99,few clouds
654,ukiah,US,2021-08-02 00:58:02,39.1502,-123.2078,94.51,33,1,5.99,clear sky
655,pedra branca,BR,2021-08-02 00:58:02,-5.4542,-39.7172,69.1,64,69,6.33,broken clouds
656,erzin,TR,2021-08-02 00:58:03,36.9559,36.2,77.0,73,0,1.95,clear sky
657,churapcha,RU,2021-08-02 00:58:03,62.0025,132.4325,78.33,26,46,11.5,scattered clouds
658,elizabeth city,US,2021-08-02 00:58:03,36.2946,-76.2511,80.02,95,10,5.01,clear sky
659,ulladulla,AU,2021-08-02 00:58:04,-35.35,150.4667,63.88,57,0,6.91,clear sky
660,san angelo,US,2021-08-02 00:58:04,31.4638,-100.437,82.63,81,100,4.0,overcast clouds
661,taoudenni,ML,2021-08-02 00:58:04,22.6783,-3.9836,96.1,26,54,13.89,broken clouds
662,sakrand,PK,2021-08-02 00:58:05,26.1384,68.2736,80.55,83,20,6.91,haze
663,noyabrsk,RU,2021-08-02 00:58:05,63.1994,75.4507,59.14,70,100,9.78,overcast clouds
664,kosonsoy,UZ,2021-08-02 00:58:06,41.2561,71.5508,72.16,29,100,5.7,overcast clouds
665,yaviza,PA,2021-08-02 00:58:06,8.1537,-77.6931,76.42,97,100,0.6,overcast clouds
666,hornepayne,CA,2021-08-02 00:58:06,49.2138,-84.7705,56.75,78,100,4.0,overcast clouds
667,cadereyta,MX,2021-08-02 00:58:07,25.5833,-99.9833,92.34,32,5,12.15,clear sky
668,fukue,JP,2021-08-02 00:58:07,32.6881,128.8419,84.56,84,75,10.36,broken clouds
669,aasiaat,GL,2021-08-02 00:58:07,68.7098,-52.8699,39.15,82,0,6.98,clear sky
670,tashigang,BT,2021-08-02 00:58:08,27.3331,91.5542,73.89,90,71,0.65,broken clouds
671,nampa,US,2021-08-02 00:57:00,43.5407,-116.5635,81.64,72,1,4.61,clear sky
672,katima mulilo,NA,2021-08-02 00:58:08,-17.5,24.2667,56.53,57,0,4.32,clear sky
673,sweetwater,US,2021-08-02 00:58:08,25.7634,-80.3731,87.03,76,33,8.88,light rain
674,takoradi,GH,2021-08-02 00:58:09,4.8845,-1.7554,74.88,90,6,5.46,clear sky
675,innisfail,AU,2021-08-02 00:58:09,-17.5333,146.0333,76.35,57,0,7.38,clear sky
676,basco,PH,2021-08-02 00:58:09,20.4487,121.9702,81.55,89,100,28.25,light rain
677,santa fe,AR,2021-08-02 00:58:10,-31.6333,-60.7,54.99,57,0,1.01,clear sky
678,port augusta,AU,2021-08-02 00:58:10,-32.5,137.7667,57.7,68,100,18.41,overcast clouds
679,tessalit,ML,2021-08-02 00:58:10,20.1986,1.0114,85.37,46,100,14.97,overcast clouds
680,zaltan,LY,2021-08-02 00:58:11,32.947,11.8665,86.14,47,0,11.14,clear sky
681,vostok,RU,2021-08-02 00:58:11,46.4856,135.8833,78.82,56,94,2.04,overcast clouds
682,zeya,RU,2021-08-02 00:58:12,53.75,127.2667,58.66,91,100,4.41,overcast clouds
683,namestovo,SK,2021-08-02 00:58:12,49.4079,19.4803,61.63,97,100,3.76,overcast clouds
684,khandbari,NP,2021-08-02 00:58:12,27.3747,87.2039,74.48,89,100,1.97,overcast clouds
685,saint anthony,US,2021-08-02 00:58:13,45.0205,-93.218,76.82,46,40,3.0,scattered clouds
686,bathsheba,BB,2021-08-02 00:58:13,13.2167,-59.5167,81.21,83,40,11.5,scattered clouds
687,pespire,HN,2021-08-02 00:58:13,13.5922,-87.3617,90.64,49,89,3.98,overcast clouds
688,porlamar,VE,2021-08-02 00:58:14,10.958,-63.8491,84.29,84,7,9.22,clear sky
689,salina cruz,MX,2021-08-02 00:58:14,16.1667,-95.2,86.54,62,99,12.91,overcast clouds
690,thio,NC,2021-08-02 00:58:15,-21.6167,166.2167,71.56,48,0,3.13,clear sky
691,korla,CN,2021-08-02 00:58:15,41.7597,86.1469,77.27,15,98,2.42,overcast clouds
692,melo,UY,2021-08-02 00:58:15,-32.3667,-54.1833,45.77,88,0,5.1,clear sky
693,orbetello,IT,2021-08-02 00:58:16,42.4408,11.2196,71.8,66,64,8.34,broken clouds
